stocks ret,ret_c
0.07445919051619332,-0.12030075187969935
0.11365681314607046,-0.675
0.35240800878958134,13.418604651162791
-0.17885867357821805,-0.991304347826087
0.14395677194871426,1.689075630252101
0.08429119308480804,-0.11870503597122295
0.06735747995435548,-0.06666666666666676
-0.04672055988195112,-0.8109756097560976
-0.08965623519246868,-0.6585365853658536
-0.006057582735403466,-0.5795454545454546
0.0885214400726213,0.29220779220779214
0.02531167337333229,0.18811881188118806
0.0024879869414951017,0.1797752808988764
0.06411273287153185,0.0
-0.022362483807076505,-0.04255319148936154
0.046308303396711326,0.47499999999999987
0.029288700782577726,0.39296187683284445
0.021574637480602066,-0.8141025641025641
0.012924716943917502,-0.1576923076923077
-0.011952124665694064,-0.5660377358490567
0.04222853343596222,-0.016129032258064613
-0.017847483932912467,0.4450867052023122
-0.018727729744470678,-0.3846153846153846
-0.017146742815559834,-0.6937500000000001
0.02342011052089754,0.04529616724738683
0.030507649449712737,0.5803814713896458
-0.01457848964166153,-0.13001912045889108
-0.0034815688770282183,-0.45565749235474007
0.0,0.23543123543123534
-0.028128215443701365,-0.4977578475336323
0.06072821810041007,0.39860139860139876
0.1254078569244934,1.0
-0.07537067017928845,-0.75
0.006393525768052966,0.05882352941176472
-0.29032250837256357,-0.9968152866242038
0.3781986629721099,2.38235294117647
0.140232343987577,-0.38655462184873945
-0.1995690537125473,-0.7912087912087912
-0.04238407076734041,-0.9655172413793104
0.024314582197754397,-0.48863636363636365
0.04705881462058481,-0.9
-0.0772888440646502,-0.6923076923076923
-0.0025325360920690487,-0.21649484536082475
-0.005690238975410766,0.17582417582417587
0.041822998609679196,0.9236453201970445
0.009464778395199769,0.8197879858657244
0.02380303831198516,0.32846715328467146
-0.00023839909889888933,0.12393162393162394
0.04725787901757794,0.0923076923076922
0.10162814050160485,0.20044052863436135
-0.01526723071795233,-0.01953125000000011
-0.1275549279631477,-0.5368731563421829
-0.10494213595808322,-0.9611650485436893
-0.0358824298946846,-0.4814814814814815
-0.07339788756165666,-0.881578947368421
-0.05304204065138618,-0.8888888888888888
0.09165667908150743,-0.4285714285714286
0.015134593531783258,0.0
-0.05798348028041922,0.0
0.03515215359529722,-0.20000000000000007
-0.018977699902268164,-0.7444444444444445
0.02411023327730999,-0.4356435643564357
0.06580361807735868,1.0
0.06088687439284457,0.8148148148148149
0.03655654438225442,0.9374999999999998
-0.05397251270184911,-0.9285714285714286
-0.04726166310416269,-0.8869955156950673
0.098412935713037,1.9892682926829268
-0.24930324684586513,-0.998960498960499
-0.026916142641799312,-0.8707865168539326
-0.13135540695937786,-0.9986301369863013
0.010131206437902218,-0.22375
0.0258109866639884,-0.7616926503340757
0.02958813960772777,0.9540229885057472
0.005098429599551757,-0.2831858407079647
-0.0015883329247523559,-0.611111111111111
-0.01921841040085681,-0.5786163522012578
0.05550624877358579,0.5272727272727271
0.019505071108127714,0.10256410256410264
0.04185684373121257,0.6551724137931034
-0.01665314472170165,-0.3776824034334765
-0.04728599790567112,-0.7222222222222222
-0.005973436852719005,-0.5
0.05693906345459454,0.12244897959183665
-0.054497913931788156,-0.8384879725085911
0.04782238662355898,-0.2962962962962964
0.0630177743876823,0.9955156950672646
0.023039519096027306,0.11675126903553301
0.034659216109424795,0.7688679245283019
-0.036833449833326815,-0.6153846153846154
0.03326581224322367,-0.7196969696969697
-0.05566459084211273,-0.996078431372549
0.025252562750078145,1.1556886227544911
0.002920070114687201,-0.6528571428571428
0.1000967531976178,1.7884615384615383
-0.08711588634972356,-0.9166666666666666
0.008743567366204186,-0.6634615384615385
-0.0266439529261151,-0.21739130434782616
-0.014334495043888063,-0.4339622641509434
-0.016969041131543183,-0.5204081632653061
0.007283776987570656,-0.4516129032258064
0.07965953510666512,-0.004807692307692402
0.12731081674009026,2.403225806451613
-0.048352566044062684,-0.7733333333333333
0.09689122615084456,0.714851485148515
-0.04543090260123761,-0.7122302158273381
-0.07662216239390696,-0.9272097053726169
-0.006109650311504566,-0.9051094890510949
-0.05539305563641128,-0.9798387096774194
-0.08176690176364942,-0.9770491803278688
-0.09120485101548481,-0.9113924050632911
0.0494717340309363,0.5987654320987654
-0.03978414390203544,-0.946524064171123
0.0716362833430575,0.2554347826086958
-0.0337128216949506,-0.8069498069498069
0.034316956966454315,0.6311475409836065
0.0796862744268223,2.8666666666666663
-0.0250809258040402,-0.9295352323838081
0.007685868628528825,0.1060329067641681
-0.012540727207999924,-0.6045751633986929
0.015553294905892523,0.0
0.13230623485007698,3.9459459459459465
0.006519336473163273,-0.5581395348837209
0.01690765639399583,-0.18867924528301894
0.047780160783168935,-0.11764705882352955
-0.04047817722551672,-0.7222222222222222
-0.008194697225153202,-0.9444444444444444
0.17682659087132935,8.083333333333334
-0.02745400219789551,-0.7228571428571429
0.06720460939737527,0.13402061855670122
-0.08930848793482182,-0.6682027649769585
-0.014977995869163152,-0.9787234042553191
-0.04737172728441352,-0.9782608695652174
0.324236946647283,3.253731343283583
-0.06615466669507664,-0.921875
-0.10336007412405546,-0.23316062176165797
0.011658511214230005,-0.6770833333333333
-0.017074350158544194,-0.24528301886792447
0.06267577017786286,0.8701298701298701
-0.1787948987200122,-0.9425287356321839
0.06232081615227436,1.272727272727273
0.043489480604701924,-0.11111111111111105
-0.11127612033535339,-0.9779411764705882
-0.0072001540898477545,-0.9220272904483431
0.14785574242881516,0.5481171548117154
0.017864595305738584,0.4218009478672986
0.07804501264472519,-0.7470817120622568
-0.0065414130108949475,0.838235294117647
-0.05414648925435794,-0.6052631578947367
0.045967323990428355,0.19354838709677424
0.15069963662852626,0.3181818181818181
0.08041964337915486,-0.5555555555555556
-0.07417588229772887,-0.6666666666666666
0.1055480681868115,0.0
-0.022453628332540387,-0.5960264900662251
-0.07750442484972209,-0.7142857142857142
0.041493715766817374,0.7857142857142858
0.05242935786375491,0.575
0.03359929296551911,0.1144578313253013
0.05313903601991088,0.6666666666666667
0.023302116541613183,-0.17796610169491522
0.06456910149422379,0.0
0.07655685747975283,-0.02857142857142858
-0.0914050798709517,-0.975
-0.02747353947616915,-0.9806451612903225
-0.0013480923611502993,-0.3422222222222222
0.057769456189164625,1.2553191489361701
0.11695729098692809,-0.8780487804878049
0.17343424297324805,0.5615384615384613
-0.1588312350473725,-0.9952380952380953
0.08254798612941427,-0.42105263157894735
-0.05430080687293204,-0.8068965517241379
0.08378311553278328,-0.12499999999999989
0.15497738513552295,0.7499999999999998
0.012395521130041942,-0.375
0.04228064587109159,-0.6666666666666666
0.034714161441682156,-0.19999999999999996
0.08266022943157325,0.2903225806451615
0.007864729969329742,-0.6666666666666667
-0.17229336353709024,-0.7058823529411764
0.011049779429876505,-0.75
-0.06919164873284034,-0.8941441441441441
0.06469407481623213,1.797202797202797
-0.009506356062178312,-0.6000000000000001
0.04604379852000262,-0.12631578947368416
0.029949643063427844,0.08695652173913038
-0.006272087941061599,-0.22774869109947637
-0.006661317424975444,-0.9439775910364145
-0.022584671653334443,-0.6000000000000001
-0.1405948165023121,-0.9935483870967742
0.0037999657469536263,-0.9
0.012658249815233669,0.0
0.05616095063984594,0.39860139860139876
0.0012884628569553858,1.5
0.10878660211342606,0.19999999999999996
0.01729728080130921,-0.5517241379310345
-0.09517426736144274,-0.75
0.0694949847247317,0.765241128298453
0.14084363279061107,1.6106194690265485
-0.03475005283882748,-0.27977839335180055
-0.0032825841372973175,-0.003750000000000031
0.046674563306288164,0.1488673139158576
-0.00878389595688045,-0.6764705882352942
0.08831524769971777,-0.32432432432432434
-0.0365309833863916,-0.8165467625899281
-0.0387031753266448,-0.7475
-0.036062463909266707,0.04210526315789487
0.045851565460754085,0.2564102564102564
0.1292023708959753,2.0769230769230766
0.03821113393039277,1.1645021645021645
-0.01603835974262724,-0.7191011235955056
0.041705303545461314,-0.18181818181818188
-0.005841636751033441,-0.48571428571428565
-0.03423424336771086,-0.4897959183673469
0.09307820235919184,3.2368421052631584
-0.1017274867423712,-0.9189189189189189
0.049664388567009166,0.8484848484848484
-0.04570312729920256,-0.02941176470588236
0.07504645616935979,-0.22916666666666663
0.03229927887602302,-0.13571428571428568
-0.0588055710233506,-0.8513513513513513
-0.401500315824766,-0.9772727272727273
-0.17668831886633274,-0.9924812030075187
0.0646970664564066,0.05357142857142838
-0.06795786541831139,-0.7607655502392344
0.06363986653148701,-0.5333333333333334
0.26953464462571053,-0.052631578947368474
-0.04593641040823915,-0.5
0.14818556140881678,1.5
-0.0720242484772119,0.0
-0.042433924573682,0.13095238095238093
0.04392389371683603,1.0
0.033070242036156605,-0.8333333333333333
-0.038216550661144266,-0.6956521739130435
0.014012352654662052,-0.09090909090909094
0.06974960615248116,1.4248496993987976
0.12499251415088342,1.5548902195608787
0.07678924656695352,0.09720176730486019
0.14840953195125928,1.5693779904306222
-0.04886366998361091,-0.8571428571428572
-0.010297474275023366,-0.7007042253521127
-0.061867373583471275,-0.12195121951219512
-0.09130737100830755,-0.868421052631579
0.014920527410103412,0.0
0.007730696595788622,-0.6545454545454545
0.10268336551946988,-0.25
0.056863170249023876,0.25
-0.07941488212017422,-0.9230769230769231
0.20007632342588955,1.0
0.022346331404425657,0.0
0.054015686907623595,0.25
0.0159606296064414,0.39534883720930236
-0.03234970149619143,-0.6428571428571428
0.02832835826161828,1.263157894736842
0.04238152244656179,0.17021276595744705
0.016986667392293597,0.0
-0.037080895491809374,-0.1333333333333333
-0.005159789765419642,0.751824817518248
0.012878644111704585,-0.07500000000000007
-0.1950867589004438,-0.989247311827957
-0.12152735771319867,-0.9126016260162602
0.12056495106152898,-0.0585365853658536
-0.026366699534098537,-0.1367521367521367
-0.061463630670185676,-0.9571428571428572
-0.032233320349686956,-0.6498855835240275
-0.03493874225224991,-0.8189910979228487
0.016640809360772613,0.009478672985782088
0.025234765496476408,-0.6954314720812182
0.07550975609436539,2.2450331125827816
0.0060456047880230734,0.20958083832335328
0.22825787436700362,2.434579439252336
-0.026258264099592088,0.0
-0.012658224604006785,-0.08461538461538465
0.021067429463259568,-0.33333333333333326
0.034249868891464974,-0.2666666666666666
-0.013347713679778384,-0.8789473684210526
0.061265865619006155,0.9371727748691101
0.057023168863672646,0.5030303030303032
0.07399935858959794,1.3703703703703702
0.018844172286806904,1.9841269841269842
-0.016711248765077347,-0.6480446927374302
-0.10191485173268944,-0.9946466809421841
-0.09336481331512425,-0.9353846153846154
-0.011750789375288284,-0.9866666666666667
-0.031151957851723644,-0.8477272727272727
0.029904832056761865,0.5090543259557345
0.058991109551533194,0.3277027027027024
0.00869810959609385,0.36832844574780044
-0.027440350736279373,-0.6703645007923931
0.07240654569624017,0.6026587887740029
-0.22969187949439052,-0.875
0.291329545537234,2.75
0.08067942916417037,-0.2692307692307693
0.003881174015022859,0.005780346820809079
0.0023301154118575695,0.14622178606476943
-0.05262072601217571,-0.72125
0.005837827979221499,-0.3669402110199296
0.030118792415533724,-0.06930693069306926
-0.055601472321924916,-0.5019230769230769
-0.16533177719286718,-0.9090909090909091
-0.1286549647032954,-0.75
-0.01144306145833962,-0.6666666666666666
0.04541771476737999,-0.5
0.02709164521279428,-0.4
-0.0033167463069042613,1.0
0.06656220809128022,-0.5
-0.05080215420747913,0.0
-0.0300281521024387,-0.6451612903225806
0.03121892234918433,0.3999999999999999
-0.05779785003694016,-0.8681818181818182
-0.03083025967505504,-0.6842105263157895
-0.05298343833732999,-0.9074074074074074
0.008136717411746597,-0.4529411764705882
-0.04514796624578932,-0.9137931034482758
0.025854681957739434,-0.018181818181818188
0.09742650118342588,1.5611510791366907
-0.04197154975285711,-0.039548022598870136
0.010042544437855794,-0.11111111111111116
0.0735340359896588,3.0
0.02550076178764904,0.26984126984127
-0.05924734284014832,-0.875
-0.042710115659585934,-0.5161290322580645
-0.07923496555828513,-0.16666666666666663
0.02533424741103607,-0.75
0.07431676070350379,-0.0625
-0.07737674147264484,-0.9172209903917221
-0.2228595545100206,-0.9884169884169884
0.0138601365331108,-0.3730886850152906
-0.23071506338300818,-0.9944444444444445
-0.045655367381613465,-0.9770114942528736
0.11151359000134775,0.2417582417582418
0.007956098608842721,-0.8983739837398375
0.3141222672245967,0.8305084745762712
-0.05532165778998266,-0.8387096774193548
0.16659913245403546,0.38613861386138604
-0.013504440058930811,0.053333333333333455
-0.06192822745098825,-0.8387096774193548
-0.158139517140943,-0.75
-0.09323518343472093,-0.6976744186046511
-0.029648485592691842,-0.8780487804878049
-0.2713178374805846,-0.5
0.14004629514651534,0.0
-0.12311600539466316,-0.9909729187562688
0.09222530762648384,0.18134715025906734
0.01212288525739491,-0.3132992327365729
0.12777053673106442,1.1129943502824862
0.038612132066086824,-0.061224489795918324
0.21888891855875658,0.736842105263158
-0.0389533296360185,-0.23308270676691734
0.06052422095882726,1.0918367346938775
0.03960941288568631,-0.2944444444444444
0.03653686341493945,0.04081632653061207
-0.004800932416519577,0.5857740585774058
-0.04483088735711316,-0.7058823529411764
0.014433944361164741,-0.20740740740740737
-0.009756131832555748,1.5
0.15651436492819304,-0.012499999999999956
-0.2390868833609302,-0.9970326409495549
-0.06085377496508826,0.1153846153846152
-0.18508997665643145,-0.6363636363636364
-0.04772815044084455,-0.4666666666666667
-0.052246730243454054,-0.9464968152866242
-0.24557081408256154,-0.9881578947368421
0.2328239961605887,3.661157024793389
0.13925503587418664,2.2526881720430105
0.044009725721011916,0.941860465116279
-0.010506437157485116,-0.8909090909090909
0.08475819712306376,-0.33333333333333326
-0.05059504272852078,-0.6216216216216216
-0.012825046229391845,-0.7727272727272727
0.02880649682621117,-0.54
-0.0693836861518915,-0.9230769230769231
-0.018489699166802764,0.0
-0.11741996230496399,-0.8515240904621435
0.007180812888998078,0.0
0.09878932406633001,1.7326732673267329
-0.0338869564517148,-0.9548387096774194
-0.08268330733229334,-0.9878048780487805
0.11496856607506767,3.264705882352941
-0.04691561803763966,-0.9929015084294588
0.02985497408936344,0.8735632183908049
0.039730366281484075,-0.43465909090909094
0.002307156010503686,-0.9333333333333333
0.03951657151330901,5.0
0.06951524968794187,2.0
0.047426854340682834,-0.4285714285714285
-0.06350851371218125,-0.9
-0.12127841727888944,-0.987012987012987
0.015624947526156285,-0.4
-0.07088863435830195,-0.8769230769230769
0.10096281197420987,0.061224489795918435
-0.008440083697603518,-0.7751937984496124
0.03861988265271421,-0.35238095238095235
-0.07684900639283243,-0.75
0.018039452924252686,-0.721311475409836
-0.022357686675849697,0.2549019607843137
-0.06045911199598464,-0.9166666666666666
-0.06630538310680145,-0.5
-0.023439149326315745,-0.8026905829596412
-0.004216351323803158,-0.5828571428571429
-0.045786204270732656,-0.6783216783216783
-0.015268160580423462,-0.524390243902439
0.03345462837961688,-0.48908296943231444
-0.10215447137409372,-0.975609756097561
-0.15855458983658877,-0.9047619047619048
-0.061267532608946795,-0.04761904761904756
0.151919839864596,0.15254237288135597
0.1471252608233835,1.453531598513011
0.12623578785943446,2.076923076923077
-0.1417228456960391,-0.9654255319148937
0.08704058605360765,1.08
-0.09703372557880441,-0.9879518072289156
-0.01548831796143868,-0.46808510638297873
0.06141022719956024,-0.25
-0.07611725751246246,-0.9545454545454546
-0.034231560744680034,-0.6000000000000001
-0.0664744863679374,-0.927437641723356
0.10967259156647335,1.5462184873949578
-0.09745828230593856,-0.9729166666666667
-0.09737009860008494,-0.8141097424412094
-0.13118135510197926,-0.7710843373493976
0.14048054878700977,0.8837209302325582
-0.13937980154924956,-0.7142857142857143
0.36048040199247144,1.4082568807339446
0.21838378746092557,0.03053435114503822
-0.1773589508425989,-0.9627507163323782
-0.28681896761288583,-0.8555555555555556
-0.03295325041049013,-0.2857142857142857
-0.03881581470781814,-0.631578947368421
-0.013501686977658744,-0.40909090909090917
-0.014643639590652624,-0.7916666666666666
-0.015540736480823214,0.6666666666666667
0.06074866355896402,0.5000000000000002
-0.08009072427696007,-0.5376344086021505
-0.02800422773168476,-0.8
-0.0028050533999779415,-0.8571428571428571
-0.032683106710917564,-0.6666666666666667
-0.017534794081513594,-0.8461538461538461
0.06919170149365628,0.875
-0.24277848572637384,-0.1250000000000001
0.053266167685916965,-0.07894736842105265
0.03699897342424774,0.15384615384615374
0.1309279292648724,0.8
0.006981743476323521,-0.5
0.07495141305350939,0.602409638554217
0.03480589574078019,-0.25
0.038461472310358014,0.4430379746835442
-0.08647141103191758,-0.375
-0.03593477367653353,-0.5
0.009600871680291556,0.034482758620689724
-0.233937796319847,-0.9752475247524752
0.06461048213704901,0.1842105263157896
-0.022312028386285543,0.0
-0.021088652754542636,-0.8538011695906433
-0.04541769175069166,-0.5833333333333333
0.16214105949998903,1.0602409638554215
-0.1682978250957321,-0.9764705882352941
0.09863872428214981,0.03628117913832196
0.1426776071869349,-0.2421052631578947
0.02436749674718719,-0.4478632478632478
-0.06482083083427259,-0.7642105263157895
-0.13687937511867576,-0.9940298507462687
0.053022445836241605,1.495327102803738
0.10220840263819131,2.686274509803922
0.03905247510540644,0.15099009900990112
0.05227391388669411,0.23124999999999996
0.07373956308846652,0.8633540372670807
0.01111783329483984,-0.351170568561873
-0.040282836111611986,-0.8917910447761195
0.007077424934352816,-0.6491228070175439
0.11779131004276655,1.0608108108108105
-0.03784558934868221,-0.93125
-0.13680813304706685,-0.9867724867724867
0.07853354591947359,0.14487632508833936
0.11686137123693774,3.0
-0.028124680657172885,-0.8844221105527639
0.015264080667705349,-0.49750000000000005
0.10413721948988641,1.692307692307692
-0.01349246098918011,-0.8450704225352113
-0.008858193237717638,0.07352941176470584
0.0021472520119225624,0.02771362586605086
-0.0382733076703996,-0.5982142857142858
-0.005287574426627084,-0.7470588235294118
0.05120742780820908,1.8512396694214877
0.09096895825064255,0.85546875
-0.012085855237907062,-0.8956043956043956
-0.01726447840984291,0.554621848739496
0.12628074079947327,0.27522935779816504
-0.0922033208527272,-0.9610778443113772
-0.07015306213473704,-0.33684210526315783
-0.017207165577787564,-0.5384615384615385
0.11746307859479077,1.2388059701492535
0.027567924093414353,0.33333333333333326
-0.019039031053622146,0.9756097560975612
0.04050930012737286,2.097560975609756
-0.13317510406582056,-0.9347826086956522
0.012408960067490371,-0.7453161592505855
-0.0035181260083188004,0.7152542372881354
0.032690360700326604,0.18768328445747784
0.0031927742154587158,-0.9454545454545454
0.21370973013938577,-0.05405405405405406
-0.036048062640488654,-0.2500000000000001
-0.07372793662611421,-0.5238095238095238
-0.04553357730001206,-0.7
-0.022417490191141587,0.30746268656716413
-0.03296143333903734,-0.9433962264150944
-0.13232142050643836,-0.5876288659793814
-0.014413939880076554,-0.3125
0.0006781183849693395,-0.43999999999999995
0.02375392812938193,-0.5454545454545454
-0.06042497960192095,-0.8765432098765432
-0.0010973957231781295,0.2209302325581397
0.05594002238487006,0.038961038961039085
0.013471899169688717,-0.326923076923077
-0.05952373636823338,-0.8648648648648649
-0.0040477201278985575,-0.875
0.00626882087034164,-0.40506329113924056
0.020278797244857927,1.0499999999999998
-0.054869755513535456,-0.9548192771084337
-0.0318530690172385,-0.11956521739130432
-0.03864921851561165,-0.4147982062780269
-0.033619649771659876,-0.8758620689655172
0.0023934308629800505,1.1962616822429908
0.00043335530740384876,-0.2398523985239852
-0.022860291922394804,-0.757085020242915
0.03684867778921053,-0.7397959183673469
0.02791318036401247,-0.6468842729970327
-0.05457854599973677,-0.9086538461538461
0.011543618451476778,0.2857142857142858
-0.023857734379918116,-0.8507462686567164
0.04306944251340905,0.1607142857142856
-0.037654434316080954,-0.5714285714285714
-0.052008420014608814,-0.6000000000000001
-0.011144661879881057,-0.13793103448275856
0.04610419334285942,4.0
-0.0280571809418938,-0.25
0.14590750682547426,0.0
-0.129471851254098,-0.6666666666666666
0.006600066411891925,-0.5939086294416244
-0.020914462496489428,0.07216494845360844
-0.014532035785435826,0.048275862068965614
-0.009628372141618713,0.03296703296703307
-0.015768839948269164,0.25490196078431393
0.05778196390399848,0.07889125799573549
-0.05437551880085045,-0.7362924281984334
0.013216762730543508,0.11570247933884303
-0.005190733709699469,-0.7714285714285714
-0.1035889250335873,-0.6536796536796536
-0.09310440510016937,-0.9764705882352941
0.1545303347423399,-0.8125
0.03050750691910431,-0.36
0.07155628043142248,1.1171171171171168
-0.003713613370533997,0.625
0.0264533767406534,-0.18604651162790697
-0.033529461286436524,-0.5
0.021692599000706414,-0.375
0.004834335533726808,0.2857142857142856
0.02256533415904216,1.1999999999999997
-0.055144451902291114,-0.9744680851063829
0.028018625325059388,-0.24786324786324776
-0.13730343495732134,-0.9904761904761905
0.05807976438159579,0.11764705882352944
0.049560632534384697,0.3737373737373739
0.05242520148368146,0.25
0.011967286179115133,-0.8717948717948718
0.033421459372392937,-0.23684210526315796
-0.175692907316211,-0.990909090909091
0.019306020797607015,0.7241379310344827
-0.01477042496975578,-0.26900584795321647
-0.13514618538052958,-0.9814471243042672
-0.34608321176028667,-0.981203007518797
0.14231632796622873,0.49112426035502965
-0.12642860412597656,-0.991701244813278
0.022088990875427372,0.3605442176870748
-0.2506599939677835,-0.9509803921568627
0.06150342719329904,-0.9054054054054054
-0.17559637031376796,-0.955
0.041913441654511496,2.4482758620689657
-0.050073893901650846,-0.995260663507109
-0.02948830451760953,0.4619883040935673
-0.008667421725969016,-0.2857142857142857
-0.06454012058997538,0.42814814814814817
-0.03184957002502253,-0.6850393700787402
-0.006591055197781137,-0.9772727272727273
-0.00610144930832468,-0.7413793103448276
0.016356058019655784,0.25
0.06079394870965138,3.2105263157894735
0.035932190074664305,0.06382978723404253
0.00456622354361369,-0.4666666666666667
-0.019972363219901923,-0.9858156028368794
0.10544901547166408,0.8448275862068966
-0.03522261029107421,-0.23645320197044328
-0.029486224277906703,-0.8409090909090909
0.0017996841342449166,-0.4
-0.03438173757511853,-0.8571428571428571
0.07186234994357354,0.16233766233766223
-0.04085275402963684,-0.7272727272727273
0.005973224993370829,-0.13043478260869557
-0.021229730753888232,-0.5714285714285714
-0.010161447222014064,-0.5833333333333333
0.006523047298110374,-0.15476190476190477
0.07738994540757349,-0.02564102564102566
-0.09634995312063177,-0.9852941176470589
-0.0329044276713083,-0.9857142857142858
-0.0015295254868160635,-0.33215547703180215
0.05594920348040566,1.2093023255813953
-0.04898828768138219,-0.611111111111111
0.08443906061353812,-0.75
0.00820640688040819,0.0
0.2837079340212736,2.0
-0.017123352543991444,-0.75
-0.08241757896265811,-0.8888888888888888
0.11580217642514778,1.0
-0.16756984143882303,-0.978448275862069
-0.12444529514927793,-0.9505766062602965
0.15626781745665475,3.293333333333333
-0.1401521671653131,-0.750826901874311
0.003131112567315242,-0.14726840855106893
0.05705808691903136,0.09841269841269851
-0.08554922923410824,-0.8709677419354839
0.04900754554578368,1.2231884057971012
-0.07948279019935389,-0.9640287769784173
0.10859444289948961,2.1123595505617976
-0.011562751874406696,-0.25
-0.008012692734342908,1.031304347826087
0.04773619824413311,0.49103139013452934
0.02674278725189838,0.014760147601476037
-0.0004382372403586299,-0.6508771929824562
0.018263129799162447,-0.11111111111111105
0.004147222390314065,-0.16666666666666663
0.016300895192267628,0.19999999999999996
-0.10569101106607615,-0.8571428571428572
0.036592717910003625,-0.16666666666666663
-0.10181820031368372,-0.6666666666666666
0.08913854279997335,0.11111111111111116
-0.12052559511525152,-0.8666666666666667
-0.050157330119019794,-0.9580838323353293
0.005640038866295161,-0.7515527950310559
0.06652593890186509,0.43013100436681206
-0.026455427017476052,-0.9866920152091255
-0.011296962662943777,-0.49612403100775193
-0.029104350999281103,-0.3162650602409638
-0.054170273922422796,-0.9744897959183674
0.026701172925039485,0.6964285714285712
0.13325734183759708,-0.23076923076923084
0.01751390141884679,0.25
-0.03345232904616435,-0.8333333333333333
-0.24117392016460526,-0.989247311827957
0.0,0.0277777777777779
0.043165297772384204,-0.75
-0.018980991215791332,-0.8200000000000001
0.07553108159691879,-0.4285714285714286
-0.06131263517982788,-0.5
0.12398918996434327,-0.5
0.0724029961585837,-0.6428571428571428
0.05265291479287226,1.0262295081967214
0.056041291333488674,-0.9961240310077519
-0.06776889936566588,-0.8049999999999999
0.0017418908098107977,-0.3220338983050848
0.25184707054415645,3.909090909090909
0.039866401783175576,-0.9473684210526315
0.10728989776429265,0.6800000000000002
0.03749288565482711,-0.575
-0.02631600535362577,-0.33333333333333326
0.07468479303899778,0.3333333333333335
0.26918074825252014,-0.2500000000000001
-0.25683125428974807,-0.9427549194991055
-0.023743056114644556,-0.8605947955390334
0.05224721039535063,-0.6833333333333333
-0.23047579252611916,-0.7413249211356467
0.15755833048663548,0.8730158730158728
0.16161337464587522,0.8849765258215962
-0.03655041616953625,-0.9618320610687023
0.052479241546043554,0.11111111111111116
-0.03482592025656417,0.0
-0.08628325421120464,-0.34615384615384615
-0.10891653565302706,-0.8032786885245902
0.06894209231447146,-0.39473684210526316
0.03328047154012581,1.6400000000000001
-0.055897033412986574,0.10169491525423746
0.06793134170467585,1.8846153846153846
0.0001383660783298435,0.607843137254902
-0.08688520235692576,-0.5
0.07566196844269668,-0.5
0.15226353812636995,1.2891566265060241
0.027167510393496297,0.3127962085308058
-0.16944682861845306,-0.9194915254237288
0.0019973149190974926,0.22857142857142843
0.03429048293977721,-0.9066666666666666
-0.07352663149029781,-0.8888888888888888
-0.02401741440795402,-0.7407407407407407
-0.061997787001290106,-0.037735849056603765
-0.027394413060211065,-0.8113207547169812
-0.041186478227974055,-0.23076923076923084
-0.02169011792106812,-0.781390134529148
-0.21790457452041323,-0.9959390862944163
-0.3511660252264417,-0.9935135135135135
0.07345135743661424,-0.2550663871418588
0.13086441996424325,0.6335877862595418
0.08461587600226106,0.48347826086956514
-0.03170517441659482,-0.7972318339100346
-0.08410976615543753,-0.9241206030150754
0.22559367484939363,-0.4
-0.013312277902763459,-0.06249999999999989
-0.047356353408988916,-0.9361702127659575
0.01079819050813735,-0.20000000000000007
0.06190733260000569,2.0303030303030303
0.04843420459423542,-0.45205479452054786
-0.09329588640755426,-0.7894736842105263
-0.06633389865387085,-0.9841269841269842
0.18153839756693113,-0.33333333333333326
0.012031148735603292,0.09677419354838723
-0.11930398803101494,-0.8571428571428572
-0.02500001663385365,-0.875
-0.00897508219856058,-0.02777777777777779
-0.05134202606773264,-0.8947368421052632
-0.005682770006193882,-0.5517241379310345
0.019254297452208302,-0.8936170212765957
0.0010428853755348744,0.46453089244851253
-0.03627778853366648,-0.5
0.00462885019383652,-0.5071428571428571
-0.14374264125441838,-0.8269230769230769
0.030462482113372547,-0.9545454545454546
0.07648350642277646,-0.4
0.007349951280443134,-0.5714285714285714
-0.07116256962868095,-0.9318181818181819
-0.02731415796782577,-0.9230769230769231
0.04014414213463602,0.0
-0.07617192637353332,0.06060606060606055
0.07722011915284344,0.41428571428571437
0.06576201232754508,0.0714285714285714
-0.10406101100098375,-0.7857142857142858
0.006081091312703624,-0.44444444444444453
-0.0056604519874104975,0.01449275362318847
0.013586943317733136,-0.8
-0.018155256128421615,-0.6060606060606061
0.002620931151808392,-0.2500000000000001
-0.07246778911041019,2.9200000000000004
-0.03668621338359357,0.0
0.034152674625216095,0.14285714285714302
0.01836064840813445,-0.7058823529411764
0.005457838498622802,-0.33333333333333326
-0.02374891720756067,-0.9193548387096774
0.05934485406174095,0.4285714285714286
-0.005404422654282315,0.9230769230769229
0.017003149579457144,-0.5
0.015971312095779844,0.6470588235294117
0.00015616161494769187,0.8124999999999998
0.010962893048522382,-0.8809523809523809
0.011475681640883861,1.25
0.019712759425707382,-0.09090909090909083
0.039284731339960466,2.875
0.03703704094209748,2.695652173913043
-0.11678559841948066,-0.9735449735449735
-0.06938511094964728,-0.8014981273408239
-0.08562070530003707,-0.926829268292683
0.10658545509814621,-0.7142857142857143
-0.06414094016792848,-0.981651376146789
0.04018750086093137,0.9047619047619047
0.06599134278186924,0.7075471698113207
-0.025457753031767782,-0.6051282051282051
0.04006599926200494,-0.026639344262295084
-0.11375747363558575,-0.9145299145299145
0.05105571394555608,1.1014492753623188
0.06539480345075344,0.7384615384615385
0.006077454743445898,-0.7647058823529411
0.012974040449430735,-0.10526315789473695
-0.022416125760172934,-0.3976377952755905
0.29467536176461495,2.3564814814814814
0.004843604511955091,-0.8395604395604396
-0.009371425083705365,-0.7234042553191489
0.36220179566549593,3.174603174603175
-0.08023978851606339,0.04069767441860472
0.3281251098483078,1.4277456647398847
-0.0067723939224129115,-0.11029411764705888
-0.04744846105035261,-0.9052631578947369
-0.012198738876932125,-0.7931034482758621
-0.007344083457161532,-0.30348258706467657
0.06617524744571912,1.7540106951871657
0.04754496911854322,1.2682926829268295
0.0017650840761012088,-0.40625
0.04681537201187025,4.592592592592593
0.045591401467981685,0.75609756097561
0.01182473285194896,-0.3175033921302578
-0.06032870044840122,-0.8729729729729729
-0.041669449924369606,-0.8330550918196995
-0.03837120098169722,-0.7021276595744681
0.028282890491037493,0.8242677824267783
-0.07991353483112207,-0.5480769230769231
0.048978241761597596,0.0071428571428571175
-0.09212281422946256,0.0
-0.042158517240639015,-0.33333333333333326
0.01905901036511648,-0.5370370370370371
0.03940168762009888,-0.09999999999999998
0.021316079399795074,-0.5454545454545454
0.13551399925548036,0.19999999999999996
0.03129442156839546,0.25
-0.07187106160381485,-0.9850597609561753
0.09031226745307719,0.8571428571428572
-0.02675441087727315,0.0
0.006345163592235803,-0.5
-0.006833643819868729,0.08965517241379328
0.003125010634022818,-0.07142857142857129
0.018954862869258182,-0.13043478260869568
-0.031773498210827644,-0.25
0.03798766881455529,2.048780487804878
-0.03788418453482434,-0.16666666666666663
0.021525238409777936,-0.6666666666666666
0.01098903813484653,-0.5
-0.06236558191513586,-0.33333333333333337
-0.1127027523993831,-0.9166666666666666
0.004437988545018534,-0.6305343511450381
0.011265533378279846,-0.8952095808383234
-0.29641923529612446,-0.9689265536723164
-0.051908421250135506,-0.5522388059701492
-0.25917926955140436,-0.9565217391304348
-0.038563824812310354,-0.4117647058823529
0.12672487222482376,0.28333333333333344
0.08851674065558868,-0.6338028169014085
-0.22611088993300954,-0.9285714285714286
0.013647356385391607,-0.847953216374269
0.005043929101905986,0.3207547169811322
0.12712668022001927,-0.25
-0.021298146125473982,0.2450980392156863
-0.08868142113280042,-0.6666666666666666
-0.07920151728173952,-0.5
0.01491791287694566,-0.5
-0.05798881429977354,-0.5
0.06480918715872641,-0.5
-0.15768090974778104,-0.99581589958159
0.12572992685057227,0.6261904761904762
0.21880064829821722,1.444298820445609
-0.10733560212343207,-0.9781931464174455
-0.11101175335117719,-0.9822222222222222
0.05403807276372152,-0.15662650602409645
-0.02697553915120665,-0.8564885496183205
-0.07249470847189099,-0.16666666666666663
0.012653674234024859,0.0
0.002529635291393273,1.0
-0.01797597153667929,-0.11111111111111105
-0.02746368678193578,0.0
-0.0921370327130896,-0.6585365853658536
0.02285583459766416,-0.9302325581395349
0.08701920903471683,-0.6515151515151516
0.01615101660556295,-0.7166666666666666
0.0594951663188128,-0.19780219780219788
0.02589631224908051,-0.3486842105263158
-0.013031416202854862,-0.29999999999999993
-0.013100528213297546,-0.23913043478260876
-0.09919838599235331,-0.6956521739130435
0.01190063403666386,-0.588235294117647
0.026798323774140265,-0.6285714285714286
0.04597448054067321,-0.5287356321839081
-0.04110249857067949,-0.33333333333333326
0.0,0.0
0.0010116620802886889,0.125
0.02124174853763061,0.0
0.05953096290493676,0.825
-0.15833326971524542,-0.923943661971831
0.04152918912485193,0.6933333333333331
0.03398410839346466,-0.022321428571428714
-0.0252086760330672,-0.3382352941176471
-0.11281395602038036,-0.9827586206896551
0.07207984911621823,-0.4782608695652174
-0.030303033516732913,-0.8888888888888888
-0.06760227502729566,-0.6775
0.015570540601487659,-0.9795918367346939
-0.1172361471760317,-0.9014778325123153
-0.05170367233803064,-0.6019900497512437
0.019968383878893103,0.14473684210526305
-0.052246631763354645,-0.9074074074074074
0.05073800426079367,0.4363636363636363
-0.10532781601677832,-0.99
-0.15522618880025274,0.0
0.03805493184202602,-0.6666666666666667
-0.11085974673114829,-0.6470588235294118
0.15084529461870355,-0.5
0.1777806063895393,0.5714285714285714
-0.06441285882750158,-0.9615384615384616
0.024754180284680904,0.5139949109414759
0.018295831243050786,0.6644444444444444
0.007488463887157071,0.5384615384615385
-0.0038676913246001865,-0.6134969325153374
-0.050680893134061766,-0.7795275590551181
0.059131561985418024,0.9609374999999998
0.006677673377302629,-0.8475609756097561
0.06448994743843728,-0.3823529411764707
0.12034601653735932,2.2966507177033497
0.09894950540931813,0.8228346456692914
-0.041976763174530696,0.44356005788711994
-0.2573436205882146,-0.9541899441340782
-0.07476019779708099,-0.987012987012987
0.012111089124198893,0.24074074074074092
-0.03164584971998041,-0.15540540540540548
0.08903522166855171,0.784
0.011691876324879447,0.5909090909090908
-0.0444112555859949,-0.7424657534246575
0.009763424184119351,-0.703030303030303
-0.004948052253809343,-0.921875
0.02755649234375257,0.41025641025641035
0.0018303875521543667,-0.3227848101265822
-0.0069834999517039975,0.3966480446927374
-0.012561717144231155,-0.30817610062893075
-0.04073386227096476,-0.6271428571428572
0.2613959615691832,1.8129829984544048
0.006698057239221233,-0.5111111111111111
-0.021962025176492483,-0.9626373626373627
0.11500650677959667,0.8813559322033897
0.04329061386940558,-0.01538461538461533
-0.019526730087981115,-0.8924731182795699
-0.1363698460615418,-0.9815668202764977
0.050779299139017686,-0.2090909090909091
0.034526851022965044,-0.6499999999999999
-0.09333330790201821,-0.75
-0.174603104367258,-0.8
-0.17595815197182973,-0.5
-0.0943806026625702,-0.88
-0.015117350678155783,0.06779661016949157
-0.022470416511403357,0.07058823529411762
-0.025272440224662462,-0.8157894736842105
0.03939337829411094,-0.7875
0.1256822272300815,3.46236559139785
0.01927663998075846,1.75
0.010574883835124949,0.7672413793103448
0.01640137322226698,0.0
0.023970790735529546,0.28
-0.016666662405684263,-0.1889763779527559
-0.0015613244270368254,0.6333333333333333
0.012851393366434483,0.3333333333333335
0.1104201518437602,0.4285714285714286
0.1160623907829419,0.5408805031446542
-0.020833309235879338,-0.6226415094339622
0.07402811160408485,-0.5164835164835164
-0.01585683466925747,-0.04504504504504503
0.054172418641369235,0.6521739130434783
-0.02690110273127244,-0.8717948717948718
-0.011802581150066827,-0.47916666666666663
0.03362458071956054,0.5901639344262295
0.026598150840202672,0.04267161410018572
-0.06179914250201124,-0.9404761904761905
0.009269990532648542,0.0
-0.021148217202475617,-0.6948529411764706
0.03460391256006723,1.3869346733668344
0.028269035793200725,-0.19999999999999996
0.009385194263967778,0.4285714285714286
-0.006923559454611428,-0.5454545454545454
0.10664190764761239,7.666666666666668
0.24115658910663074,3.5476190476190474
0.07778030505753275,-0.9032258064516129
-0.052576964770873036,-0.8837209302325582
0.0313772620746442,0.11764705882352944
0.013047059283399332,-0.46376811594202894
-0.018558646056241135,-0.6
-0.04891447790849779,-0.6666666666666667
-0.022875848275033306,-0.24
0.02440488113851802,-0.0625
-0.06298586358611091,-0.9775280898876404
-0.010429165944582874,-0.9545454545454546
0.0983451300226168,1.1428571428571432
0.04252773845259261,0.026881720430107503
0.08478981528875207,1.842741935483871
-0.044434312404037724,-0.9616858237547893
-0.09173507930204261,-0.9885057471264368
0.008591684017636103,-0.8880597014925373
-0.05639223529142201,-0.9833333333333333
0.06085986003616095,0.8461538461538463
-0.2247031915014095,-0.984472049689441
0.09864180310047233,5.340425531914893
0.00992903445821347,-0.6000000000000001
-0.009777709288438574,-0.08823529411764708
-0.004624812566538239,-0.04761904761904756
0.01161415047588843,-0.10138248847926268
-0.06255770584254505,-0.6444444444444444
-0.09220907099652353,-0.6341463414634145
-0.0067841755953717,-0.15966386554621848
-0.0357869931037651,-0.6571428571428571
0.012038327648638436,-0.736842105263158
0.0029023374887049425,0.07692307692307687
0.019910777912854893,-0.8
-0.023679348388712995,0.7083333333333333
0.07408024134770352,0.15384615384615374
0.024488225586780654,-0.4
0.003679633125819537,-0.3055555555555556
0.005337194197201578,-0.375
0.07838813594455973,2.7373737373737375
0.026211706461110706,0.25
-0.03284025015386938,-0.5172413793103449
0.008739710964904335,-0.75
-0.013256858971967045,-0.8260869565217391
0.000917031556782133,-0.33333333333333326
0.035466730841080096,1.4499999999999997
-0.005018727775710885,0.8640000000000001
0.0009421313729558456,-0.8387096774193548
0.02610959054848916,-0.6296296296296297
0.00418046193637478,-0.5759717314487633
0.0734422504114407,1.0
0.0507680711324463,0.4999999999999998
0.01806486387552253,-0.8695652173913043
0.014922047550309347,-0.7058823529411764
0.041111642660012215,0.05769230769230771
0.10542374950344269,-0.7682926829268293
0.008633392986339139,-0.5039370078740157
0.0012209937542206895,0.0
0.013078944458194908,-0.5333333333333332
0.057971036999457715,-0.16447368421052633
-0.1572178281644695,-0.987468671679198
0.19678899344331513,2.893617021276596
-0.016069553125310998,0.05095541401273884
0.03678571672911457,0.042424242424242475
-0.04511750531213066,-0.8701298701298701
0.06169324440506818,-0.4
0.03245387500571284,-0.75
-0.0005044023589187985,-0.855072463768116
-0.003431582219311502,-0.2941176470588236
0.03326646776236353,3.6206896551724137
0.022170373728376047,-0.5833333333333333
-0.015464317496205027,-0.847457627118644
-0.06544102404261398,-0.8702702702702703
-0.013596339675576052,-0.8979591836734694
0.07815645703309704,2.4274193548387095
0.04241240775103261,-0.33333333333333337
-0.0012331802404900172,-0.625
-0.0071602669673590524,0.4285714285714286
-0.018155648576879013,-0.9831932773109243
-0.03660469558892776,-0.8914285714285715
0.032793021743751316,0.3374999999999999
0.07555252479713848,-0.11538461538461531
0.024399750054612035,-0.9421965317919075
0.04692691378665437,0.12195121951219523
-0.04802007285706045,-0.9823529411764705
-0.05764819781722763,-0.19999999999999996
0.02117701987743037,0.0
0.062143977979924436,0.8181818181818181
-0.044708919227522514,-0.5454545454545454
0.04005476120071294,-0.3538461538461539
-0.03535350025059991,-0.9857142857142858
-0.010966214225827664,-0.2894736842105263
-0.005005238188286021,0.3157894736842106
-0.014103747009755696,-0.4117647058823529
0.07053575204372753,0.45299145299145294
-0.02985083057440152,-0.17647058823529405
-0.011951046049902159,-0.5257142857142858
0.04465292874639237,-0.7070707070707071
0.14255649930794645,-0.3027522935779817
-0.2494510404473499,-0.18965517241379304
0.16461357929657505,2.409090909090909
-0.001055433084878099,0.0
-0.047670596121903386,-0.032258064516129115
-0.07594935409993331,-0.4444444444444444
0.058273433846270706,1.8797468354430378
-0.042145627661494434,-0.9484536082474226
0.07118695142685505,2.061224489795918
0.028357002647525054,-0.9193548387096774
0.05191692781818058,-0.53781512605042
-0.017254610132132364,-0.8928571428571428
0.009332597932109943,-0.5862068965517242
0.04127318472751185,0.6857142857142857
0.21039273011022042,-0.08433734939759052
-0.10118919578758445,-0.8835616438356164
0.4007155116232253,-0.28846153846153855
-0.38954703860539985,-0.967741935483871
-0.2053571141360836,-0.972972972972973
0.24444448270915564,0.25
0.08455165325366942,0.2777777777777777
-0.10461163016105668,-0.7468354430379747
-0.24590440828838656,-0.9482142857142857
0.11475603023238756,-0.44420131291028453
0.09249136639029865,1.2222222222222223
-0.01789683464356928,-0.912621359223301
0.03034946363662372,-0.689516129032258
-0.12731724432157132,-0.9862068965517241
-0.12322400299339098,-0.9592592592592593
-0.0311746630025167,-0.4285714285714286
0.008884597093116176,0.032258064516129004
-0.016556300037431693,-0.5
-0.012444470385409634,0.0
-0.15350385681179135,-0.8888888888888888
-0.2858211567709308,-0.9333333333333333
0.10623226715787415,0.748917748917749
0.021215349831201324,0.33565217391304336
0.044284710588541554,-0.5652920962199313
-0.07717248584680658,-0.952755905511811
0.05436242161617111,-0.7063492063492063
-0.01890155011155281,-0.8305084745762712
0.07524642736942311,2.1690140845070425
0.05052472173778555,-0.5
-0.0005176853330620679,-0.09090909090909083
0.2117380738691319,1.5750000000000002
-0.04980561271681394,-0.27184466019417475
0.1931285134596208,1.4468085106382977
0.037614111784142645,0.046875
0.15017763517681249,0.09009009009009006
0.11111116397400522,-0.6666666666666666
0.011773356924471345,-0.84375
-0.14052951521748303,-0.9285714285714286
-0.020986469339983826,-0.5818181818181818
-0.011673544079803477,-0.2649350649350649
0.003144605222519692,0.125
-0.0062525891885122364,-0.8461538461538461
-0.040864101637136385,-0.8
-0.07835125801253173,-0.8734177215189873
0.026613533216119478,-0.4285714285714285
0.13363358417772653,0.5851063829787235
0.045084677858830524,-0.25
0.0398993326495336,0.16666666666666674
0.07843136400945716,-0.19999999999999996
0.043781483647874264,0.0
0.04211419815242401,0.4859154929577467
0.048108936786266376,0.3969072164948455
0.06685198253534619,0.5799207397622193
-0.07715626581123913,-0.9984350547730829
-0.005908092196730497,-0.9505376344086022
0.07243476729060871,2.4838709677419355
-0.03763749482207901,-0.9159561510353228
-0.05420949672909592,0.01724137931034475
-0.01054195181850548,0.05343511450381677
0.016298634939450496,-0.3670886075949368
-0.034183329680598895,-0.5875
0.036114174342303684,0.125
0.08349402800610983,0.5294117647058822
-0.04024488707457907,-0.423728813559322
-0.03511454096505029,-0.8701298701298701
-0.06787720500601102,-0.9047619047619048
-0.021594703463921006,0.3157894736842106
-0.15660845432075843,-0.8888888888888888
0.07623321741700084,1.0
-0.03313587827946818,-0.9891304347826086
-0.025618928351552883,-0.6570713391739674
-0.026264175916221766,-0.8368421052631578
0.026902693120028465,-0.4509803921568627
0.17771402472664488,0.4457142857142855
0.07427010821922142,-0.2640845070422535
-0.02888885105091954,-0.016279069767441756
-0.05667929118345383,-0.7833935018050542
-0.07266941395469284,-0.6778523489932886
0.05353785455179283,-0.15384615384615385
-0.06134973835556534,-0.9473684210526316
0.02671531500489177,-0.5
-0.09338400959043003,-0.875
0.039882431758561765,0.28
0.05098037128416566,0.5
-0.06236330712120275,-0.6875
-0.06402796053142867,-0.33333333333333326
-0.029177691154468333,2.0
-0.08236806538695518,-0.75
-0.045765034219180545,-0.8709677419354839
-0.015896696622707207,-0.7714285714285714
0.08038813336012574,1.7586206896551726
0.010671253159594718,0.22222222222222232
-0.0024037936547721683,-0.33333333333333326
0.083524532098322,1.106060606060606
-0.08072981274390023,-0.855072463768116
-0.009115336096910953,0.19999999999999996
-0.2658767282442398,-0.99
0.5881632590780452,3.3133047210300433
0.011556769262616617,-0.7670454545454546
-0.3908256999531854,-0.975
-0.28081554621718763,-0.9
-0.10294121893267838,-0.9166666666666666
-0.17047618684314547,-0.8
-0.14228622334762397,-0.984375
0.003624053266712446,-0.17559523809523803
-0.04179236195386582,-0.5454545454545454
0.09474409991668331,0.36363636363636354
-0.023825789729961744,-0.051724137931034364
-0.054884031005920986,-0.9107142857142857
0.060619083692199593,-0.5
0.03935374993843377,2.3333333333333335
0.0034603131648349716,0.0
-0.007925103271187672,-0.736842105263158
0.021143878793491888,-0.05660377358490576
0.011567396209515302,-0.13186813186813184
-0.017993559140503268,0.0
-0.03539301340525991,-0.38
-0.028863869068987413,-0.6666666666666667
-0.011369949895642772,-0.09090909090909083
-0.018623592328644967,-0.5714285714285715
0.024600183453510338,-0.8
0.04281873598952157,4.857142857142856
0.10330485557058533,0.6890756302521008
-0.0005228587675720764,-0.48571428571428565
-0.04175494006820568,-0.5
-0.021830223363129675,-0.9230769230769231
0.050170761453152135,1.570093457943925
-0.33698033410904404,-0.9925093632958801
0.2646286701258407,1.0833333333333335
-0.17832781971799783,-0.9977924944812362
0.13510945334563518,0.0
-0.040940924250304156,-0.8557692307692308
0.015782307600840983,0.0
0.013434582124967953,0.008729388942773975
0.033130466209959186,1.093877551020408
0.042725693751016536,0.5797872340425534
-0.026688148789650423,-0.5333333333333333
0.037629975904236224,-0.7131147540983607
0.029757094152871977,-0.44666666666666666
0.0107727568941971,0.09026548672566359
-0.004299345261267518,-0.9642857142857143
-0.07073658099032121,-0.9506172839506173
0.03348507829677372,0.526431718061674
-0.008554334509178196,-0.996415770609319
0.046784684887956285,1.5
-0.13163164489514467,-0.9759036144578314
-0.012703508538669972,0.4516129032258065
-0.08730474475322603,-0.9932432432432432
0.04880562780570363,-0.42771084337349397
-0.005882737980992481,-0.6726144297905353
0.12715810089217539,3.0113528855250706
0.11295871980644234,2.576208178438662
-0.026693982742099776,-0.3132530120481928
-0.02988466097903164,-0.6385542168674698
-0.026685908993093532,0.125
0.03654962311683918,0.5087719298245614
-0.10538310009532637,-0.8333333333333333
-0.0019548251693787266,-0.6129032258064516
-0.0710515655553734,-0.9484536082474226
-0.10151990583922199,-0.9052631578947369
-0.08596492597870131,-0.7
-0.08853582854646946,-0.6153846153846154
-0.06280191048146422,-0.4
0.10854091681245182,1.2941176470588234
-0.03732222701947041,-0.75
-0.042264731625475505,-0.875
0.0,-0.28205128205128205
-0.08850563609546869,-0.6191913095956548
0.016757514349056812,0.44472361809045236
0.016323402483888527,-0.29005315110098706
-0.07060856871858456,-0.8451834862385321
-0.021522164067088956,-0.7709302325581395
-0.009459746861082197,-0.6376811594202898
0.039815319997285936,-0.6666666666666666
0.21248222628547464,14.42857142857143
0.06720322135444468,0.4245014245014247
0.04473789824719843,1.5
0.0038911587362806532,0.8611111111111112
0.03406973235344224,-0.05555555555555547
0.00031013847134508943,0.6666666666666667
0.06056778100236482,0.1428571428571428
0.022048088618474404,0.023255813953488413
0.006256214084696898,0.09473684210526323
0.044217716890484704,0.10810810810810811
-0.3867488198096237,-0.8529411764705882
0.12874245832474496,3.12
-0.05398700072724383,-0.5789473684210527
0.08986154985773731,-0.6666666666666666
-0.042036353909626234,-0.6666666666666666
0.02805336643351941,-0.07272727272727275
-0.035819605438163205,-0.85
-0.014382764415351024,-0.7777777777777778
0.21479146609305144,-0.2666666666666666
0.17715959760807864,-0.5
0.06388889587955737,0.3333333333333335
0.06283419638946297,1.8571428571428572
0.024068783508579106,0.012145748987854255
-0.05635351362871599,-0.9230769230769231
-0.06735204189169586,-0.6327272727272728
-0.04459471745088084,-0.7777777777777778
0.019934252365933824,-0.05555555555555547
0.005390862379940131,-0.7142857142857143
0.007651622711392081,0.0
-0.29865980859648267,-0.9816176470588235
0.05263573130905508,1.344086021505376
-0.0309359172559327,0.3013698630136987
0.029277851139041466,0.1307420494699647
0.023615715927745695,0.0
-0.05045601660611121,-0.8971428571428571
-0.0654828121642691,-0.8648648648648649
0.020904592292791513,-0.08333333333333337
0.09685557303096326,-0.9262295081967213
0.04413711852466795,-0.4871794871794871
0.10315261768449635,1.8888888888888888
-0.0004224585043571816,-0.6857142857142857
0.004851448185589025,-0.33333333333333326
0.03891783842415508,-0.4
-0.00036119386565502953,-0.23076923076923073
-0.06203598014898859,-0.631578947368421
0.055779635890736756,-0.2833333333333333
0.027234420107685953,0.3333333333333335
-0.008531712347421672,0.0
0.08249892999325525,2.1195652173913047
-0.07559115907220004,-0.7934232715008431
0.051605232551651836,-0.8777142857142857
0.04012314613254153,-0.7707317073170732
-0.014645016196587424,-0.6763754045307443
0.14021405796666553,3.2542372881355934
0.24369622161609295,7.122222222222222
0.0009975579909933252,0.419277108433735
0.02103196868225532,-0.4
0.09469704715553551,1.0
0.006419349041265177,-0.75
0.10361464095050721,2.674242424242424
-0.06804249715805744,-0.9974358974358974
-0.08431497620839845,-0.9885057471264368
-0.039792412663683385,-0.8839506172839506
0.08269337801006271,2.0708661417322833
-0.07757853724769215,-0.79
-0.005309034874597884,-0.04166666666666663
-0.42224791674660855,-0.9990654205607477
-0.20100123209686693,-0.9986859395532195
-0.2453067783362226,-0.996039603960396
0.10509059659033881,0.6081081081081081
0.12365713936941969,0.01754385964912264
-0.2285360068075848,-0.9705882352941176
-0.0249657848136301,0.25822784810126564
0.0490798720712573,-0.5
-0.07243933720039608,-0.32203389830508466
0.004129409017172403,1.2962962962962963
-0.2107796112124506,-0.6938775510204082
-0.0074446321769685575,-0.8762886597938144
-0.0560288715361037,-0.5588235294117647
-0.039628334432704304,0.19444444444444442
0.0909822952898165,2.5042735042735043
0.06144228762345083,0.7297297297297298
-0.03658069856319246,-0.3018867924528301
0.04940173109646673,0.12612612612612595
-0.014140085583053352,-0.28019323671497576
0.013514788860693905,0.03488372093023262
-0.03290334954185503,-0.7916666666666666
0.015251724206575279,-0.43000000000000005
-0.012845782718995946,0.0
0.16469521904571827,0.6666666666666667
0.014130447514792088,-0.33333333333333326
0.1197182980351823,-0.75
-0.08183305876826641,-0.7142857142857143
-0.05664737488178295,-0.9
-0.11890244493403168,-0.9090909090909091
0.02145403386600786,1.0
0.03846152702293715,-0.782608695652174
0.035955130585879624,0.11111111111111116
0.04147589899256632,0.07843137254901977
-0.02837820410138925,-0.9224806201550387
0.019652442611878262,-0.32835820895522394
-0.01610075977221148,-0.3301435406698564
0.03136417030882077,0.6326530612244898
0.014006892745249022,-0.7777777777777778
-0.0038254517684424005,-0.9428571428571428
-0.01247922201336249,-0.5
0.04653583230412206,2.888888888888889
-0.016441986343985415,-0.20000000000000007
0.03887937493570903,-0.12499999999999989
-0.023925807440327906,-0.37118644067796613
0.057711659400326853,0.8431372549019609
0.0046416605107639786,-0.9825174825174825
-0.02353149510895347,-0.1875
-0.005955527023951301,0.0
0.001971137993961758,-0.7
0.06389552107519414,-0.7727272727272727
-0.015251880203413726,0.13636363636363624
-0.07531122532264845,-0.7864864864864864
0.0010902909885948109,-0.015748031496062964
-0.08769179096883584,-0.2844444444444444
0.003302183990709695,-0.8914285714285715
0.004154489973529074,0.5873015873015874
0.08724083859775345,0.9348837209302328
-0.028142609563011622,-0.16666666666666663
-0.06343953994109341,-0.7
0.028117260563911062,-0.25
-0.006424047818794798,-0.375
0.026666674697608306,-0.20000000000000007
0.026465437692361427,0.027027027027026973
0.06180376469750337,0.6666666666666665
0.002867162880025198,1.0
0.056849188698745,-0.5
-0.024004370492791804,-0.08823529411764697
0.017851249466485752,0.44859813084112155
-0.016373551992974633,-0.3571428571428572
0.020896899100569133,0.4093567251461989
-0.06426285012743982,-0.9111111111111111
0.02676759429362008,0.5370370370370368
-0.03173318430029182,-0.8333333333333333
-0.03300972424951176,-0.6666666666666666
-0.08935458537961416,-0.9
-0.012884162131047594,-0.7784810126582279
0.016155800783728358,0.34782608695652173
0.01078272756867138,-0.7731958762886598
-0.12415223945401377,-0.9166666666666666
-0.04237986996616394,-0.7307692307692308
-0.2835298868819729,-0.9655172413793104
0.016159119106037956,-0.8
-0.05742771548830439,-0.9488888888888889
-0.00883794844945085,-0.9363636363636364
-0.048899772226379534,-0.95
0.09982594279864232,1.1111111111111112
0.007801432289271437,-0.9090909090909091
-0.06260191423560624,-0.9405940594059405
0.061472903446055494,0.7044025157232705
0.0222752982303831,0.3265306122448979
-0.06986429443582087,-0.6175908221797324
-0.12808133362508412,-0.9743589743589743
0.12179056935701471,2.4954407294832825
-0.048642678771038894,-0.7033582089552239
-0.026461990880595976,-0.925531914893617
-0.08975509059842068,-0.8253521126760563
-0.07891243941670045,1.0238095238095237
-0.14776168040822268,-0.9741935483870968
-0.1502964021285106,-0.9444444444444444
0.22319296520141685,0.8214285714285714
0.09659377789327661,-0.8130841121495327
0.013409964252437456,-0.7272727272727273
0.007217887926745714,0.0
0.046424685247905995,0.32640949554896137
-0.025613090147772244,-0.392156862745098
0.07130126854836849,0.7045454545454544
0.02782203190363508,0.9607843137254903
0.025694026045613327,1.2142857142857144
-0.014351882106535485,0.08108108108108092
0.0549308830845332,1.0833333333333335
-0.010483439697090313,-0.09090909090909083
0.010874000021444896,-0.06818181818181834
-0.030048049211166106,-0.625
0.014359320677789889,-0.8837209302325582
-0.02499987406873827,-0.8156862745098039
0.01602598376539177,-0.782608695652174
0.02308634236149265,-0.6875
0.021619988544965496,-0.8333333333333333
-0.006027605041479478,-0.7931034482758621
-0.04226463194488017,-0.962962962962963
-0.09563062093509189,-0.5029761904761905
0.07100284540427904,0.5082644628099173
-0.05248665290407717,-0.7566502463054188
0.04726148739236269,0.3245967741935485
-0.04482798852975589,-0.8153846153846154
0.00031668666238893195,0.5625
0.02140546770012186,-0.13770491803278684
-0.1047297627466679,-0.38888888888888884
-0.02217606664802052,-0.41758241758241754
-0.08309854699656727,0.5
-0.013358780825686645,-0.4285714285714286
-0.04845361173038809,-0.8148148148148149
0.0402843802715509,-0.4285714285714286
-0.17847220575735845,-0.9444444444444444
0.047387989155622146,-0.12935323383084563
