stocks ret,ret_p
0.03523379788837144,0.0
0.10378911297983096,-0.33333333333333326
0.07445919051619332,-0.9459459459459459
0.11365681314607046,-0.588235294117647
0.35240800878958134,0.0
-0.17885867357821805,1.5290697674418605
0.14395677194871426,-0.8734177215189873
0.08429119308480804,-0.8363636363636364
0.06735747995435548,-0.6470588235294117
-0.04672055988195112,0.0
-0.08965623519246868,0.023809523809523725
-0.006057582735403466,0.2195121951219512
0.0885214400726213,-0.8177083333333334
0.02531167337333229,-0.798941798941799
0.06411274659304333,-0.16666666666666663
-0.022362301478496716,-0.6000000000000001
0.0463082994187658,-0.6666666666666666
0.02928869863628547,-0.9090909090909091
0.02157449978450554,0.03333333333333344
0.012924716943917502,-0.9
-0.011952124665694064,-0.5
0.0422284540673743,-0.5151515151515151
-0.017847483932912467,-0.7291666666666666
-0.018727729744470678,0.21195652173913038
-0.017146742815559834,0.7241379310344829
0.02342021349921164,-0.2222222222222221
0.0305077389724544,0.06896551724137945
-0.014578397617069472,-0.9655172413793104
-0.003481568548963865,-0.26470588235294124
0.0,-0.6190476190476191
-0.028128215443701365,-0.4864864864864865
0.06072821810041007,-0.92
0.1254078569244934,-0.7727272727272727
-0.14881885181365206,2.0
-0.033303321061464386,-0.7
-0.1618020402094743,1.8947368421052633
-0.07537067017928845,-0.75
0.006393525768052966,-0.4444444444444444
-0.29032261781392343,7.923076923076922
0.3781984142068455,-0.9230769230769231
0.14023203580326427,-0.5555555555555556
-0.19956898422647207,2.5249999999999995
-0.04238407449638926,-0.5820895522388059
0.024314579712597872,-0.8333333333333333
0.04705881462058481,-0.9239130434782609
-0.0772888440646502,-0.9285714285714286
0.005925485968648614,-0.75
-0.00253262778401786,-0.023809523809523836
-0.005690238975410766,-0.4565217391304348
0.041822998609679196,-0.6727272727272728
0.009464778395199769,-0.9615384615384616
0.02380303831198516,-0.9285714285714286
-0.00023819244895839642,2.0
0.04725779622956927,-0.5714285714285714
0.10162814779353813,0.1428571428571428
-0.015267163828584174,-0.09090909090909083
-0.12755507091557372,0.47058823529411753
-0.10494213595808322,3.9259259259259256
-0.0358824298946846,-0.27184466019417475
-0.07339788756165666,-0.045454545454545525
-0.05304204065138618,1.8571428571428572
0.09165667908150743,-0.6477611940298508
-0.05798356335048316,0.0
-0.035096133125603446,1.25
-0.018977699902268164,-0.25
0.02411023327730999,0.375
0.06580361807735868,-0.8846153846153846
0.06088687439284457,-0.7142857142857143
0.03655654438225442,-0.9411764705882353
-0.05397251270184911,-0.5454545454545454
-0.04726148945774611,0.7218045112781954
0.09841317376910919,-0.9854227405247813
-0.2493031184623814,13.947183098591552
-0.026916053230467973,0.0869565217391306
-0.13135533129170607,3.3463497453310698
0.010131206437902218,-0.8195121951219512
0.0258109866639884,-0.7074148296593187
0.02958813960772777,-0.921875
-0.04187598624572686,-0.6666666666666666
-0.0015883330743403645,-0.6666666666666666
-0.01921841040085681,0.5
0.010708887494911723,4.799999999999999
-0.005283969032249369,-0.5806451612903225
0.0195051517334921,-0.5833333333333333
0.04185675038399017,-0.44444444444444453
-0.016653234961001573,-0.19999999999999996
-0.04728599790567112,5.249999999999999
-0.005973436852719005,-0.7222222222222222
0.05693905846658498,-0.75
-0.054497910026248375,0.19672131147540983
0.04782238662355898,-0.7441860465116279
0.06301769201495233,-0.8780487804878049
0.02303960352487988,-0.8867924528301887
0.034659216109424795,-0.5384615384615385
-0.036833449833326815,-0.44444444444444453
0.03326581224322367,-0.6875
-0.05566459084211273,0.36612021857923494
0.025252562750078145,-0.9805825242718447
0.002920070114687201,-0.41086956521739126
0.1000967531976178,-0.9964726631393298
-0.08711588634972356,5.25
0.008743567366204186,-0.8555555555555555
-0.0266439529261151,-0.6564885496183206
-0.014334495043888063,-0.64
-0.016969041131543183,4.357142857142857
0.007283776987570656,-0.5869565217391304
0.07965952961110001,-0.8986486486486487
0.12731068678045476,-0.9557522123893806
-0.04835281956564652,-0.019999999999999907
0.09689122615084456,-0.8912280701754386
-0.04543090260123761,-0.6416184971098267
-0.07662229098825679,0.6884057971014494
-0.006109764908989512,0.08433734939759052
-0.05539298706622242,1.5925925925925921
-0.08176690176364942,4.183544303797468
-0.09120491400652364,1.9648241206030153
0.04947166766503108,-0.97
-0.03978421034785562,-0.2075892857142858
0.0716363624041767,-0.845679012345679
-0.03371291930407394,0.3250000000000002
0.034316956966454315,-0.9977777777777778
0.0796862744268223,-0.9974683544303797
-0.0250809258040402,0.09463276836158196
0.007685514318923392,-0.5
-0.01254036595238861,8.0
0.01555345832400934,0.0
0.13230624691359827,-0.25
0.0065192436831083,-0.4814814814814815
0.01690765639399583,-0.6666666666666666
0.047780160783168935,-0.8947368421052632
-0.04047817722551672,-0.33333333333333326
-0.028303982732600486,0.3333333333333335
-0.008194697225153202,0.0
0.17682646340682773,-0.9956331877729258
-0.02745388752221334,-0.5777777777777778
0.06720453747968813,-0.8757396449704142
-0.08930848793482182,-0.6666666666666666
-0.014978163348765228,0.5745856353591161
-0.04737172728441352,2.0263157894736845
0.324236946647283,-0.984375
-0.06615466669507664,-0.015384615384615441
-0.10335987813855729,0.0
0.04607961655503767,-0.5
0.011658511214230005,-0.7462686567164178
-0.017074350158544194,-0.6294416243654822
0.06267577017786286,-0.8899082568807339
-0.1787948987200122,6.63157894736842
0.06232081615227436,-0.762962962962963
-0.11127612033535339,2.8696969696969696
-0.0072001540898477545,0.7391304347826086
0.14785574242881516,-0.8830188679245283
0.017864595305738584,-0.9102564102564102
0.07804501264472519,-0.6505376344086022
-0.0065414130108949475,-0.8352941176470587
-0.05414648925435794,-0.3189655172413792
0.045967323990428355,-0.7058823529411764
0.1055480681868115,0.0
-0.018357538845871657,-0.20833333333333326
-0.03220473994261419,-0.8
-0.022789425151738096,-0.7142857142857143
-0.01637935584563699,-0.5
0.0,-0.6000000000000001
0.013843113849098643,-0.38095238095238093
-0.015463963770208755,-0.4
-0.02245369538431663,1.0
-0.0775045512079745,0.0
0.05313903601991088,-0.8571428571428571
0.023302116541613183,0.0
0.06456910149422379,-0.5
0.07655685747975283,-0.8571428571428571
-0.0914050798709517,1.4242424242424243
-0.02747353947616915,-0.1268656716417912
-0.0013480923611502993,-0.8527131782945736
0.057769456189164625,-0.961864406779661
0.11695729098692809,-0.4285714285714285
0.17343424297324805,-0.5454545454545454
-0.1588312350473725,2.4645669291338583
0.08254798612941427,-0.26086956521739124
-0.05430080687293204,-0.7037037037037037
0.08378321871665362,-0.9509803921568627
0.1549772340676241,-0.95
0.01239562829747487,-0.47916666666666663
0.04228051959367707,-0.875
0.034714255075973366,-0.8253968253968254
0.08266011623907321,-0.2666666666666666
0.007864729969329742,-0.33333333333333326
-0.17229336353709024,4.0
-0.07956447593397986,-0.9
-0.059615375798129144,-0.38888888888888884
-0.06919164873284034,1.1052631578947367
0.06469423332091728,-0.8676470588235294
-0.009506356062178312,-0.17675544794188858
0.04604379852000262,-0.6491228070175439
0.029949713407126266,-0.9011627906976745
-0.006272088359509209,-0.7454545454545454
-0.006661317424975444,1.1610169491525424
-0.07692304939603611,1.0833333333333335
-0.1405948165023121,5.449275362318842
0.0037998671147008167,-0.9705882352941176
0.012658249815233669,-0.98989898989899
0.05616095063984594,-0.5526315789473684
0.0012884628569553858,-0.6666666666666666
0.07076352375030925,-0.9090909090909091
-0.01964643977837288,0.04999999999999982
0.06986025721413669,-0.8387096774193548
0.0694949847247317,-0.9798657718120806
0.14084356395568087,-0.9789915966386554
-0.034750134705073266,-0.8618618618618619
-0.0032825841372973175,-0.8529411764705882
0.046674563306288164,-0.8214285714285714
-0.00878389595688045,0.04651162790697683
0.0883151631107355,0.25
-0.036530924626593464,-0.8333333333333333
-0.03870323470473769,-0.4444444444444444
-0.036062463909266707,-0.8
0.04585149886849771,-0.9090909090909091
0.12920249702057496,-0.875
0.03821113393039277,-0.8888888888888888
-0.01603835974262724,-0.13043478260869568
0.041705303545461314,-0.7477477477477478
-0.005841636751033441,-0.46153846153846156
-0.03423424336771086,-0.4545454545454546
0.09307820235919184,-0.9506172839506173
-0.1017274867423712,0.625
0.049664388567009166,-0.8095238095238095
-0.04570312729920256,-0.8333333333333333
0.07504645616935979,-0.7
0.03229927887602302,-0.8571428571428572
-0.0588055710233506,-0.46902654867256643
-0.401500315824766,6.168674698795181
-0.17668831886633274,1.0502092050209204
0.0646970664564066,-0.9125
-0.06795786541831139,-0.8852459016393442
0.06363986653148701,-0.704
0.26953464462571053,-0.926829268292683
-0.04593641040823915,0.7021276595744683
-0.0720242484772119,-0.5555555555555556
-0.042433924573682,1.0
0.04392389371683603,0.4545454545454546
0.033070242036156605,-0.7857142857142858
-0.038216550661144266,12.000000000000002
0.06974960615248116,-0.9911816578483245
0.12499251415088342,-0.9810964083175804
0.07678924656695352,-0.8295454545454546
0.14840953195125928,-0.9987421383647799
-0.10818716834024422,0.0
-0.03697475583933196,-0.6666666666666666
-0.010297398697802551,0.3333333333333335
-0.06186728995539725,-0.9047619047619048
-0.09130719779308782,1.9499999999999997
0.014920527410103412,-0.9777777777777777
0.007730696595788622,-0.33333333333333326
0.10268336551946988,-0.90625
0.056863170249023876,-0.8888888888888888
-0.07941488212017422,0.47058823529411753
0.20007632342588955,-0.8780487804878049
0.022346331404425657,-0.34285714285714275
0.054015686907623595,-0.2857142857142857
0.016986738812258872,-0.5
-0.028985464052053822,-0.33333333333333326
0.032781575132759144,-0.4736842105263158
-0.037080895491809374,2.571428571428571
0.012878644111704585,-0.18604651162790697
-0.1950867589004438,2.740282685512368
-0.12152735771319867,4.52967032967033
0.12056495106152898,-0.927536231884058
-0.026366507483577273,0.19999999999999996
-0.0614634405139467,4.047619047619048
-0.03223349945921927,0.6260162601626016
-0.03493874225224991,0.7297297297297298
0.016640809360772613,-0.8111111111111111
0.025234765496476408,1.6724137931034484
0.07550975609436539,-0.9811320754716981
0.0060456047880230734,-0.9818181818181818
0.22825787436700362,-0.9896193771626297
-0.07698968927644134,-0.33333333333333326
-0.011257025072867521,0.0
0.021067429463259568,0.25
0.03424996729422114,-0.875
-0.013347502954332069,-0.7142857142857142
0.061265800935668135,-0.6338028169014085
0.05702328156146863,-0.9
0.07399949416693685,-0.88
0.018844067268301457,-0.7333333333333334
-0.016711248765077347,-0.4565217391304348
-0.10191485173268944,1.7187345526445874
-0.09336481331512425,0.9204389574759946
-0.011750789375288284,0.4086502609992544
-0.031151957851723644,1.9661016949152539
0.029904832056761865,-0.9942528735632183
0.058991109551533194,-0.832051282051282
0.00869810959609385,-0.9564469914040115
-0.027440350736279373,-0.4032258064516129
0.07240654569624017,-0.8724409448818897
-0.22969187949439052,5.28
0.291329545537234,-0.875
0.08067942916417037,-0.6938775510204082
0.003881045125889937,-0.9761904761904762
0.0023299687022191318,-0.8671023965141612
-0.05262072601217571,0.032727272727272716
0.005837827979221499,-0.563265306122449
0.030118792415533724,-0.7736842105263158
-0.055601472321924916,-0.3282828282828283
-0.16533177719286718,2.75
-0.1286549647032954,-0.33333333333333337
-0.01144306145833962,-0.6829268292682926
0.04541771476737999,-0.75
0.02709164521279428,-0.6666666666666666
-0.0033167463069042613,0.0
0.06656220809128022,-0.25
-0.030028354468229268,1.3076923076923075
0.031218760889969666,-0.6833333333333333
-0.05779807159534733,2.4181818181818175
-0.030830344399406906,-0.4375
-0.05298343833732999,2.4426229508196724
0.008136717411746597,-0.8205128205128205
-0.04514796624578932,0.7857142857142856
0.025854681957739434,-0.736842105263158
0.09742650118342588,-0.95
-0.04197162360613782,-0.5
0.010042544437855794,-0.07499999999999996
0.0735339683403895,-0.8192771084337349
0.025500684702985055,-0.8125
-0.05924728140033153,0.7647058823529409
-0.04271004115345911,-0.4
-0.07923496555828513,-0.22222222222222232
0.07431676070350379,-0.8113207547169812
-0.07737674147264484,0.6528735632183906
-0.2228595545100206,2.2149532710280373
0.0138601365331108,-0.8543307086614174
-0.23071506338300818,2.3739130434782605
-0.045655367381613465,0.9039145907473307
0.11151359000134775,-0.9235294117647059
0.007956098608842721,-0.481967213114754
0.3141222672245967,-0.9090909090909091
-0.05532165778998266,-0.4137931034482758
0.16659913245403546,-0.3076923076923077
-0.013504440058930811,-0.75
-0.06192822745098825,-0.5
-0.158139517140943,1.4666666666666668
-0.09323518343472093,-0.14285714285714302
-0.029648485592691842,-0.5
-0.11301375119944135,0.09999999999999987
-0.12311588624404979,8.405940594059405
0.09222546958523892,-0.6909090909090909
0.012122883905725468,-0.6942857142857143
0.12777077400962034,-0.99
0.038612132066086824,-0.7926829268292683
-0.1657407342815269,-0.6
-0.11374405569385593,-0.39473684210526316
0.0894568565981615,0.0
-0.15126044493796864,-0.12499999999999989
-0.19375908040879553,0.0
-0.03895344682069579,0.16666666666666674
0.06052422095882726,-0.4642857142857143
0.03960959038816947,-0.27472527472527475
0.03653677318898629,-0.2777777777777778
-0.004800992550698213,-0.049180327868852514
-0.04483094757544648,-0.1230769230769232
0.014433944361164741,-0.09090909090909094
0.15651436492819304,-0.9769736842105263
-0.2390868833609302,1.1219512195121952
-0.06085377496508826,0.7333333333333334
-0.18508997665643145,-0.20000000000000007
-0.04772815044084455,2.0769230769230766
0.07941397414749574,-0.7575757575757576
-0.052246730243454054,-0.0847457627118644
-0.24557081408256154,4.09433962264151
0.2328239961605887,-0.9816849816849816
0.13925503587418664,-0.98
0.044009725721011916,-0.9847396768402155
0.05834686883665463,-0.8
-0.010506243771683632,-0.44680851063829785
-0.050595208472854813,-0.20000000000000007
-0.012825045326003148,-0.7777777777777778
-0.04055730211943698,0.5625
-0.030342083286697297,1.5777777777777775
-0.0693836861518915,-0.4
-0.018489699166802764,-0.96875
-0.11741996230496399,0.29795396419437337
0.007180812888998078,-0.8038461538461539
0.09878932406633001,-0.9711815561959655
-0.0338869564517148,0.7173913043478259
-0.08268330733229334,0.9307692307692308
0.11496856607506767,-0.9979591836734694
-0.04691561803763966,0.3968085106382979
0.02985497408936344,-0.9629032258064516
0.039730366281484075,-0.1875
0.002307156010503686,0.0
0.039516637109439534,-0.6666666666666666
0.06951524968794187,-0.9375
0.047426854340682834,-0.33333333333333326
-0.0037991164493746954,0.0
-0.06350857735453364,-0.3207547169811321
-0.12127849223076803,4.0
0.015624947526156285,-0.7
-0.07088863435830195,-0.6428571428571428
0.10096281197420987,-0.8870967741935484
-0.008440200320058655,-0.4642857142857143
0.03861978020537005,-0.5277777777777777
-0.0768489477106471,0.9642857142857142
0.018039519622912392,-0.6666666666666666
-0.06045911199598464,0.9811320754716981
-0.06630538310680145,5.095238095238096
-0.023439063744971067,4.529411764705881
-0.004216272244187413,0.17647058823529416
-0.045786287420713334,-0.07894736842105265
-0.015268074783054364,0.5
0.03345454762751121,0.0
-0.10215447137409372,16.142857142857142
-0.15855458983658877,0.5774999999999999
-0.061267532608946795,-0.681159420289855
0.151919839864596,-0.9328859060402684
0.1471252608233835,-0.7942386831275721
0.12623578785943446,-0.8468468468468469
-0.1417228456960391,1.5790754257907538
0.08704058001040327,0.0
-0.09703371517800408,-0.33333333333333326
0.06141014691646274,0.0
-0.0761173969174973,0.0
-0.0008474700205335362,-0.6666666666666666
-0.034231560744680034,0.0
-0.0664744863679374,0.5175537938844847
0.10967259156647335,-0.9610705596107056
-0.09745828230593856,1.1816770186335401
-0.09737009860008494,0.27319587628865993
-0.13118135510197926,0.48453608247422686
0.14048054878700977,-0.825
-0.13937980154924956,-0.33101045296167253
0.36048040199247144,-0.9041916167664671
0.21838378746092557,-0.844559585492228
-0.1773589508425989,1.2359154929577465
-0.28681896761288583,2.441379310344828
-0.013501804291821351,-0.8461538461538461
-0.015540736480823214,-0.6666666666666666
0.06074866355896402,-0.9166666666666666
-0.0800906465199902,-0.20454545454545459
-0.02800408591584458,-0.6428571428571428
-0.0028050533999779415,-0.5
-0.032683106710917564,-0.5714285714285715
0.03480598527040679,-0.5
-0.03593477367653353,0.0
-0.003030306554808737,0.0
-0.233937796319847,1.4797979797979797
0.0646104769952367,-0.6046511627906976
-0.022312028386285543,-0.31060606060606066
-0.02108873072320938,0.31355932203389836
-0.04541775393195446,-0.3275862068965517
0.16214105949998903,-0.9358974358974359
-0.1682978250957321,0.8512396694214874
0.09863872428214981,-0.7307692307692308
0.1426776071869349,-0.8329411764705883
0.02436749674718719,-0.7944915254237288
-0.06482083083427259,-0.4505494505494506
-0.13687937511867576,0.8691588785046729
0.053022445836241605,-0.9130434782608696
0.10220840263819131,-0.9917355371900827
0.03905247510540644,-0.9203980099502488
0.05227391388669411,-0.7323943661971831
0.07373956308846652,-0.9166666666666666
0.01111783329483984,-0.6938775510204082
-0.040282836111611986,-0.3090909090909092
0.007077424934352816,-0.2989690721649484
0.11779131004276655,-0.9476987447698745
-0.03784558934868221,0.09000000000000008
-0.13680813304706685,3.3166666666666664
0.07853354591947359,-0.6395348837209303
0.11686137123693774,-0.9871794871794872
-0.028124766793897082,-0.4077669902912622
0.01526418427231846,-0.9571428571428572
0.10413746278167801,-0.9404761904761905
-0.013492361714764534,-0.20370370370370372
-0.008858287340814286,-0.9257641921397379
0.0021472520119225624,-0.906054279749478
-0.03827324916471431,-0.37037037037037046
-0.005287574426627084,-0.5189003436426117
0.05120742780820908,-0.9390243902439024
0.09096895825064255,-0.8648648648648649
-0.012085855237907062,0.0869565217391306
-0.01726447840984291,-0.8823529411764706
0.12628074079947327,-0.724264705882353
-0.0922033208527272,0.8914728682170541
-0.07015306213473704,-0.7643504531722054
-0.01720727565081226,-0.4444444444444444
0.027568073116011504,-0.37209302325581395
-0.05174823944827989,0.4864864864864866
-0.019039031053622146,-0.6153846153846154
0.04050930012737286,-0.9473684210526316
0.003197191796715293,-0.16666666666666663
-0.13317510406582056,0.04166666666666674
0.012408960067490371,-0.2279411764705882
-0.003517953718688238,-0.8245614035087719
0.032690360700326604,-0.9290780141843972
0.0031927742154587158,1.754545454545454
0.21370973013938577,-0.8148148148148149
-0.036048062640488654,0.125
0.19970195901190246,0.0
-0.07372793662611421,1.0
-0.02241754879445912,-0.25
-0.03296143333903734,6.571428571428571
-0.13232148854078674,0.5714285714285714
-0.014414032484565853,-0.7222222222222222
0.02375392812938193,-0.23076923076923073
-0.06042497960192095,-0.33333333333333326
0.055939897294494445,-0.6666666666666666
0.013471899169688717,-0.33333333333333326
-0.05952373636823338,2.555555555555556
-0.0040477196928586645,-0.7894736842105263
0.0062689197226954985,-0.5
0.012262982506861642,-0.19047619047619035
-0.05486975014383366,1.3878504672897196
-0.03185295898822604,-0.8
-0.03864908141431078,-0.9246231155778895
-0.03361971869559932,-0.6382978723404256
0.0023934306864847876,-0.9855072463768116
0.0004334219243573578,-0.8421052631578947
-0.022860291922394804,-0.34285714285714275
0.03684867778921053,-0.6372549019607843
0.02791318036401247,-0.6976666666666667
-0.05457854599973677,0.14210526315789473
-0.023857734379918116,0.09999999999999987
0.04306944251340905,9.2
-0.037654434316080954,1.5
-0.07108733825482172,1.9729729729729732
-0.052008420014608814,-0.4
0.04610410237545026,0.6666666666666667
-0.028057080354382813,0.0
-0.030958239823689948,0.25
0.14590750682547426,-0.1875
-0.129471851254098,0.6666666666666667
0.006600066411891925,-0.8347368421052631
-0.020914354241090338,-0.25
-0.014532214170324798,-0.5454545454545454
-0.009628295097719786,-0.4117647058823529
-0.01576866342876948,-0.16666666666666663
0.057782030041946264,0.15625
-0.05437545588442627,0.2068965517241379
0.013216843367270359,-0.7272727272727273
-0.005190733709699469,-0.04516129032258065
-0.09310440510016937,2.168421052631579
0.1545303347423399,-0.9285714285714286
0.03050750691910431,-0.875
0.07155628043142248,-0.762962962962963
-0.05514438488412032,0.25
0.028018328151885763,-0.9642857142857143
-0.1373034236710874,1.5068493150684934
0.05807976438159579,-0.9833333333333333
0.049560632534384697,-0.7894736842105263
0.05242520148368146,-0.8666666666666667
0.011967286179115133,-0.21875
0.033421459372392937,-0.8695652173913043
-0.175692907316211,4.2542372881355925
0.019306020797607015,-0.9326145552560647
-0.01477042496975578,-0.8410852713178294
-0.13514618538052958,1.3608017817371936
-0.34608321176028667,2.749425287356322
0.14231632796622873,-0.9519230769230769
-0.12642860412597656,1.7462686567164178
0.022088990875427372,-0.9949494949494949
-0.2506599939677835,6.198067632850242
0.06150342719329904,1.2900763358778624
-0.17559637031376796,5.201646090534979
0.041913441654511496,-0.9479166666666666
-0.050073893901650846,0.2065217391304348
-0.02948830451760953,-0.8809523809523809
-0.008667421725969016,-0.8235294117647058
-0.06454025526417895,-0.6428571428571428
-0.031849646709974255,0.04166666666666674
-0.006591055197781137,-0.3647058823529411
-0.00610144930832468,1.0142857142857142
0.01635605926027961,-0.2500000000000001
0.06079402960925484,0.0
0.00456622354361369,0.0
-0.019972886115120936,-0.5729166666666667
0.10544930798311758,-0.859375
-0.03522261029107421,-0.75
-0.029486084844345783,-0.6388888888888888
0.0017996841342449166,-0.9545454545454546
-0.03438173757511853,0.07526881720430101
0.07186234994357354,-0.9772727272727273
-0.04085275402963684,-0.8608695652173913
0.07738994540757349,-0.8324022346368716
-0.09634995312063177,1.5
-0.0329044276713083,-0.1313559322033898
-0.0015295254868160635,-0.8392857142857143
0.05594920348040566,-0.9817351598173516
-0.08907256533041052,0.0
-0.16756984143882303,0.8799999999999999
-0.12444529514927793,0.6506493506493507
0.15626781745665475,-0.9767441860465116
-0.1401521671653131,0.01980198019801982
0.003131112567315242,-0.8436781609195402
0.05705808691903136,-0.9433333333333334
-0.08554922923410824,0.24100719424460437
0.04900754554578368,-0.9690721649484536
-0.07948279019935389,1.8282828282828283
0.10859444289948961,-0.9583333333333334
-0.011562751874406696,-0.8333333333333333
-0.008012692734342908,-0.3079584775086506
0.04773619824413311,-0.7943396226415094
0.026742968563532532,-0.5379310344827586
-0.0004382372403586299,0.3031161473087818
0.018263129799162447,-0.611111111111111
0.004147222390314065,0.5
0.016300895192267628,-0.5999999999999999
-0.10569101106607615,0.5
0.036592717910003625,-0.631578947368421
-0.10181820031368372,0.36363636363636354
-0.12052559511525152,1.4
-0.05015741202766155,2.0416666666666665
0.005640038866295161,0.17521367521367526
0.06652573560877073,-0.88
-0.026455424453017184,1.3469387755102038
-0.011296962662943777,-0.678082191780822
-0.029104350999281103,-0.6547619047619048
-0.054170273922422796,2.310344827586207
0.026701172925039485,-0.9333333333333333
0.13325734183759708,-0.8275862068965517
-0.03345232904616435,-0.6363636363636364
0.011538542657211881,0.0
-0.24117383071298226,6.115384615384616
0.0,0.0
0.04316567760233103,-0.10000000000000009
0.07553108159691879,-0.625
-0.06131263517982788,-0.16666666666666663
0.12398918996434327,-0.6666666666666666
0.052652920384828494,-0.7077922077922079
0.056041291333488674,-0.3827160493827161
-0.06776881384554156,-0.5
0.0017416965690741915,-0.52
0.25184707054415645,-0.8571428571428571
0.039866401783175576,-0.27692307692307694
0.10728989776429265,-0.868421052631579
0.03749288565482711,-0.7727272727272727
-0.026315901512641293,-0.09090909090909083
0.0790815683180166,-0.75
0.07468479303899778,-0.7727272727272727
0.26918074825252014,-0.8888888888888888
-0.25683125428974807,1.0138888888888888
-0.023743056114644556,-0.6565934065934066
0.05224721039535063,-0.4
-0.23047579252611916,0.2875816993464051
0.15755833048663548,-0.6153846153846154
0.16161337464587522,-0.876750700280112
-0.03655041616953625,0.3925619834710745
0.052479241546043554,-0.5
-0.034825861211773335,-0.625
-0.08628324672117305,0.0
-0.10891673802626445,-0.75
0.06894209231447146,-0.75
0.03328036606013929,-0.9333333333333333
0.06793134170467585,-0.8333333333333333
-0.08688520235692576,0.5
-0.14059406164966015,0.45833333333333326
0.15226344611950382,-0.8076923076923077
0.027167378755267535,-0.7714285714285714
-0.16944682861845306,0.9312977099236639
0.0019973149190974926,-0.5
0.03429016510618221,-0.10169491525423724
-0.07352662620279482,0.0
-0.02401741440795402,0.17808219178082196
-0.061997787001290106,6.8
0.020393332092494054,0.7857142857142856
-0.027394413060211065,0.011904761904761862
-0.041186478227974055,-0.9795918367346939
-0.02169011792106812,-0.15528700906344417
-0.21790457452041323,4.566895822316234
-0.3511660252264417,4.671428571428572
0.07345135743661424,-0.785234899328859
0.13086441996424325,-0.8929321203638908
0.08461587600226106,-0.9912917271407837
-0.03170517441659482,-0.16758893280632414
-0.08410976615543753,0.3560606060606062
-0.2329279577978134,-0.6727272727272728
-0.047356353408988916,0.19047619047619047
0.01079819050813735,-0.8
0.06190733260000569,-0.92
0.011864447639676756,-0.6046511627906976
0.048434128208642235,-0.7222222222222223
-0.09329588640755426,0.0
-0.06633389865387085,-0.8461538461538461
-0.08714412535871341,2.75
0.18153839756693113,-0.6666666666666666
-0.11930398803101494,3.571428571428571
-0.02500001663385365,-0.8888888888888888
-0.0089750831282297,-0.20000000000000007
-0.05134221499018088,-0.11764705882352955
-0.0056825729028135985,-0.28
0.019254297452208302,-0.8
0.0010426783048715915,-0.5744680851063829
-0.03627764397533062,-0.2799999999999999
0.00462885019383652,-0.3142857142857144
-0.14374264125441838,-0.23333333333333328
0.030462478805610926,0.0
0.005902648287444023,-0.9
0.07648350642277646,-0.6666666666666666
-0.07116256962868095,0.25
0.002620931151808392,-0.8529411764705882
-0.07246794070745355,0.6666666666666667
0.018360857300910638,-0.33333333333333326
-0.02374891720756067,-0.9259259259259259
0.05934485406174095,-0.9454545454545454
-0.005404496500325262,-0.8737864077669903
0.00015616161494769187,-0.6
0.010962893048522382,-0.5405405405405406
0.011475681640883861,-0.8571428571428571
0.019712759425707382,-0.6666666666666666
0.039284731339960466,-0.6000000000000001
0.03703704094209748,-0.8333333333333333
-0.11678587239374016,4.428571428571428
-0.0693851168968398,-0.7142857142857143
-0.08562070530003707,1.4615384615384617
0.10658538004124374,-0.974025974025974
-0.06414087551291625,0.0
0.04018750086093137,-0.75
0.06599134278186924,-0.875
-0.025457860171781865,0.050000000000000044
0.040065881859019825,-0.8863636363636364
-0.11375747363558575,3.25
0.05105570798043657,-0.9695431472081218
0.06539491539806108,-0.8046875
0.006077560780087143,0.11818181818181817
0.012974040449430735,-0.8068181818181818
-0.022416125760172934,-0.652542372881356
0.29467536176461495,-0.9096385542168675
0.004843604511955091,-0.1635802469135803
-0.009371425083705365,-0.6407506702412868
0.36220179566549593,-0.9877300613496932
-0.08023978851606339,-0.8143939393939394
0.3281251098483078,-0.7697368421052632
-0.0067723939224129115,-0.9948186528497409
-0.04744846105035261,-0.4009779951100244
-0.012198738876932125,-0.7321428571428572
-0.007344200189164374,-0.25
0.0475450325226312,-0.8666666666666667
0.0017650840761012088,-0.44444444444444453
0.04559132362178686,-0.5
0.01182473285194896,0.7500000000000002
-0.06032879679214842,4.2
-0.04166965756391283,-0.33333333333333326
-0.03837130337835237,1.5499999999999998
0.028282890491037493,-0.875
-0.07991353483112207,3.3092105263157894
0.048978241761597596,-0.9058823529411765
-0.15288612205960328,0.0
-0.042158517240639015,0.0
-0.08952706131384747,0.3333333333333335
0.01905901036511648,-0.8291925465838509
0.03940168762009888,-0.7
0.021316079399795074,-0.9148936170212766
0.13551399925548036,-0.6666666666666666
0.03129442156839546,0.0
0.13799897046420484,-0.95
-0.07187106160381485,0.9056603773584906
0.09031226745307719,-0.9870466321243523
-0.007224245870872448,1.0
-0.031773498210827644,5.75
0.03798766881455529,0.0
-0.07429323547711086,0.22499999999999987
-0.03788418453482434,0.0
0.021525238409777936,-0.5
-0.06236558191513586,6.000000000000001
-0.1127027523993831,1.4015151515151514
0.004437988545018534,-0.033333333333333326
0.011265533378279846,1.9602888086642598
-0.29641923529612446,3.444126074498567
-0.051908421250135506,-0.8955223880597015
-0.25917926955140436,0.0
-0.038563824812310354,-0.75
0.12672487222482376,-0.9111111111111111
0.08851674065558868,-0.5710526315789474
-0.22611088993300954,0.967741935483871
0.013647356385391607,-0.5194805194805194
0.005043929101905986,-0.9411764705882353
0.12712668022001927,-0.6190476190476191
-0.021298146125473982,-0.8888888888888888
-0.08868142113280042,-0.5
-0.07920151728173952,1.7446808510638299
0.01491791287694566,0.6901408450704225
-0.05798881429977354,-0.11764705882352955
0.06480918715872641,-0.375
-0.15768090974778104,2.2317636195752537
0.12572992685057227,-0.941304347826087
0.21880064829821722,-0.919672131147541
-0.10733560212343207,0.6953642384105962
-0.11101175335117719,0.8038461538461539
0.05403807276372152,-0.9189627228525121
-0.02697553915120665,-0.22786885245901634
-0.02746368678193578,0.6666666666666667
0.041192037838208906,-0.16666666666666663
-0.09213712776037519,0.1910112359550562
0.022855925611332317,-0.33333333333333337
0.08701933478656354,-0.03301886792452846
0.016150940441641115,0.024793388429751984
0.05949532737468233,-0.3055555555555556
0.02589631224908051,2.3
0.08235277132090735,-0.7857142857142858
-0.09380537623228147,4.0
-0.08949414173388992,1.166666666666667
-0.013031416202854862,-0.7849462365591398
-0.013100428760176919,1.5
-0.09919830787908257,0.5555555555555558
0.01190063484386994,0.40000000000000013
0.0267982557984614,1.1111111111111112
0.04597448054067321,-0.6000000000000001
-0.04110249857067949,-0.16666666666666663
0.0,-0.5
-0.014204600158434721,0.0
0.05953096290493676,0.9411764705882353
-0.15833326971524542,0.0
0.04152918912485193,-0.9010989010989011
0.03398410839346466,-0.6052631578947368
-0.0252086760330672,-0.5847457627118644
-0.11281395602038036,0.17142857142857149
0.07207984911621823,-0.8425196850393701
-0.030303033516732913,0.10294117647058809
-0.06760227502729566,-0.59375
0.015570540601487659,0.00952380952380949
-0.1172361471760317,-0.3152173913043479
-0.05170367233803064,-0.9166666666666666
0.019968488388379946,-0.7567567567567568
-0.052246631763354645,1.0571428571428574
0.05073800426079367,-0.9047619047619048
-0.10532781601677832,9.4
0.12643684733808302,0.3333333333333335
-0.15522610917425295,0.5
0.008450739020898546,-0.9047619047619048
-0.027802682965123338,-0.6666666666666666
-0.17730495974209404,1.0
-0.11085974673114829,0.0
-0.12072073031861141,0.11111111111111116
0.1777806063895393,-0.9696969696969697
-0.06441286390531054,0.0
0.02475409544255358,-0.5
0.018296008399123265,-0.8571428571428572
0.007488464603577549,-0.75
-0.0038679037743192257,-0.28
-0.05068079347171783,-0.28125
0.0591314715179454,-0.5
0.006677846834808321,0.2857142857142856
0.06448994743843728,-0.7619047619047619
0.12034601653735932,-0.9951219512195122
0.09894950540931813,-0.8755244755244755
-0.041976763174530696,-0.896
-0.2573436205882146,2.890772128060264
-0.07476019779708099,0.9035846724351051
0.012111015546401704,-0.6666666666666666
-0.031646045475023366,-0.41666666666666663
0.08903509665545228,-0.8571428571428572
0.011691965224317702,-0.9491525423728814
-0.0444111757264124,-0.17647058823529405
0.009763424184119351,-0.3939393939393939
-0.004948052253809343,-0.5416666666666666
0.02755649234375257,-0.8692307692307693
0.0018303875521543667,-0.171875
-0.0069834999517039975,-0.8222222222222222
-0.012561717144231155,0.21212121212121215
-0.04073386227096476,-0.4897959183673469
0.2613959615691832,-0.98
0.006698057239221233,-0.691542288557214
-0.021962025176492483,-0.1839080459770115
0.11500650677959667,-0.9945945945945946
0.04329061386940558,-0.9213483146067416
-0.019526730087981115,-0.8969957081545065
-0.1363698460615418,0.7795275590551178
0.050779299139017686,-0.7272727272727273
0.034526851022965044,-0.6000000000000001
-0.09333330790201821,-0.5
-0.17595815197182973,-0.7272727272727273
-0.09438051737651942,2.7946428571428568
-0.015117349733748564,-0.6597938144329897
-0.022470413988596727,-0.5875
-0.025272350058536452,0.6551724137931034
0.03939337829411094,-0.12254901960784315
0.1256822272300815,-0.8484848484848485
0.01927663998075846,-0.6666666666666666
0.010574763172904511,-0.6153846153846154
0.01640137322226698,-0.6428571428571428
0.023970790735529546,-0.7619047619047619
-0.016666662405684263,1.1999999999999997
-0.0015613244270368254,0.0
0.012851393366434483,0.19999999999999996
0.11042035950746065,-0.9545454545454546
0.11606231100422892,-0.8596491228070176
-0.020833309235879338,-0.08163265306122447
0.07402802494817928,-0.17647058823529405
-0.015856912302241177,-0.6666666666666666
0.05417250757224146,-0.5833333333333333
-0.02690110273127244,0.7209302325581395
-0.011802693787312468,0.19999999999999996
0.03362479430560228,-0.8666666666666667
0.026598250259534106,-0.7916666666666666
-0.06179914250201124,0.9565217391304348
0.009270051521835798,-0.6499999999999999
-0.021148217202475617,-0.3013698630136986
0.03460391256006723,-0.9
0.028269035793200725,-0.5725806451612903
0.009385290501899624,-0.8
-0.006923498940334505,0.0
0.10664190764761239,-0.6428571428571428
0.24115658910663074,-0.9333333333333333
0.07778030505753275,-0.6190476190476191
-0.052576964770873036,0.6666666666666667
0.0313772620746442,-0.7333333333333334
0.013047059283399332,-0.2727272727272727
-0.018558646056241135,0.29629629629629606
-0.04891447790849779,0.14285714285714302
-0.06298586358611091,0.24137931034482762
-0.01042916678210637,-0.3013698630136986
0.0983451300226168,-0.9787234042553191
0.04252783205922239,-0.9137931034482758
0.08478981528875207,-0.9404761904761905
-0.0444342445829935,0.2554744525547443
-0.09173507930204261,0.9067796610169492
0.008591684017636103,-0.4347826086956522
-0.056392297063944,0.19999999999999996
0.06085986003616095,-0.9393939393939393
-0.22470327539005075,4.84393063583815
0.09864188971064425,-0.9872340425531915
-0.00977793816548056,-0.6666666666666666
-0.0046247133355638015,-0.4545454545454546
0.01161415047588843,-0.7435897435897436
-0.06255764645912076,-0.39534883720930225
-0.09220897744632406,0.0
-0.0067843056765167775,-0.6451612903225806
-0.0357869931037651,-0.20000000000000007
0.012038327648638436,0.24
0.07408024134770352,-0.5
0.02448830218076692,-0.5454545454545454
0.003679633125819537,-0.7222222222222223
0.005337194197201578,-0.45945945945945943
0.07838813594455973,-0.6000000000000001
0.026211706461110706,-0.7692307692307693
-0.03284025015386938,0.5625
0.008739710964904335,-0.11392405063291144
-0.013256858971967045,-0.5
0.000917031556782133,1.7000000000000002
-0.005018728284202689,-0.9545454545454546
0.0009420688061227978,-0.29999999999999993
0.02610964898175472,-0.6428571428571428
0.0507680711324463,0.8999999999999999
0.01492195972447985,-0.85
0.041111642660012215,-0.75
0.10542374950344269,-0.8648648648648649
0.008633392986339139,-0.5504587155963303
0.013078944458194908,-0.6666666666666666
0.057971036999457715,-0.9416666666666667
-0.1572178281644695,1.4655172413793105
0.19678899344331513,-0.9848942598187311
-0.016069551727278863,-0.6666666666666666
0.03678571672911457,1.0
-0.045117267144883955,1.214285714285714
0.061693352696846615,-0.4285714285714286
0.03245387500571284,-0.2222222222222221
-0.0005044023589187985,1.5
-0.003431582219311502,-0.75
0.03326633149924496,-0.2500000000000001
0.022170373728376047,-0.2325581395348837
-0.015464317496205027,0.15384615384615374
-0.06544102404261398,1.3684210526315788
-0.013596339675576052,0.2761904761904763
0.07815645703309704,-0.1875
0.04241240775103261,-0.48453608247422675
-0.0012331803181775403,-0.6666666666666667
-0.018155446239313533,1.7027027027027026
-0.03660488028070508,-0.5769230769230769
0.032793021743751316,-0.9479166666666666
0.07555263880950402,-0.9953488372093023
0.02439985413754653,-0.11418685121107264
0.04692691378665437,-0.967741935483871
-0.04802007285706045,0.5789473684210527
-0.05764819781722763,0.0
0.02117701987743037,-0.6166666666666667
0.062143977979924436,-0.696969696969697
-0.044708919227522514,1.339285714285714
0.04005476120071294,-0.5
-0.03535350025059991,1.0
-0.010966214225827664,-0.8333333333333333
-0.005005238188286021,0.0
-0.012224786046050928,-0.5
0.028368744758819897,-0.5
0.013645255528366818,-0.5
-0.011951046049902159,-0.8804347826086957
0.04465292874639237,-0.8142857142857143
0.14255649930794645,-0.7352941176470589
-0.2494510404473499,2.714285714285715
0.16461357929657505,-0.875
-0.001055433084878099,0.0
-0.07594935409993331,0.2941176470588236
0.05827354692106379,-0.8709677419354839
-0.04214551525214749,-0.06249999999999989
0.071187020732707,-0.849624060150376
0.028357002647525054,-0.6
0.05191692781818058,-0.8448275862068966
-0.017254610132132364,-0.23076923076923084
0.009332597932109943,-0.6666666666666667
0.04127318472751185,-0.6153846153846154
0.21039273011022042,-0.9390862944162437
-0.10118919578758445,-0.23592493297587125
0.4007155116232253,-0.8846153846153846
-0.38954703860539985,-0.75
-0.2053571141360836,0.08275862068965534
0.24444448270915564,-0.8333333333333333
0.08455165325366942,-0.98125
-0.10461163016105668,1.1114864864864864
-0.24590440828838656,4.128895184135978
0.11475603023238756,-0.8123620309050773
0.09249136639029865,-0.996078431372549
-0.01789683464356928,-0.5605263157894738
0.03034946363662372,-0.9320987654320988
-0.12731724432157132,1.0943396226415096
-0.12322400299339098,0.9565217391304348
-0.016556300037431693,0.0
-0.012444376507838584,-0.6666666666666666
-0.00684930515173543,-0.33333333333333326
-0.2858211567709308,2.7647058823529416
0.10623235192474656,-0.8
0.02121542890446837,-0.9166666666666666
0.04428461166034947,-0.4157894736842105
-0.07717242854557127,0.025641025641025772
0.0543623558374966,-0.25
-0.018901694083581444,-0.0344827586206895
0.07524642736942311,0.0
0.05052472173778555,-0.36190476190476184
0.21173812542216264,-0.75
-0.04980553859288195,-0.6428571428571428
0.19312863714735684,-0.736842105263158
0.03761400557189454,-0.2727272727272727
0.15017752089558,-0.8571428571428572
0.11111116397400522,-0.9827586206896551
0.011773356924471345,0.0
-0.020986468035688377,-0.75
-0.01167377636758915,-0.6666666666666666
0.0031447928347749787,15.8
-0.006252695565736155,0.19999999999999996
-0.04086399840885224,-0.7727272727272727
-0.07835119187183781,-0.9655172413793104
0.026613533216119478,-0.4
0.0398993326495336,-0.5689655172413792
0.07843143659573815,-0.2857142857142857
0.043781483647874264,-0.2857142857142857
-0.02296614250979112,-0.023809523809523836
0.04211429834417113,-0.9906542056074766
0.048108936786266376,-0.7564625850340136
0.06685185995572662,-0.8866995073891626
-0.07715626581123913,2.913043478260869
-0.0059081556693210135,0.3679999999999999
0.0724346479488891,-0.9941176470588236
-0.03763749482207901,0.10869565217391308
0.047224798898336084,-0.7826086956521738
-0.054209436711060044,-0.018867924528301883
-0.010541808968790756,-0.8888888888888888
0.016298634939450496,-0.8
-0.034183109753887386,-0.20000000000000007
0.036113954705054185,-0.5402298850574712
0.08349402800610983,-0.8305084745762712
-0.04024488707457907,-0.75
-0.03511454096505029,0.3333333333333335
-0.06787720500601102,-0.8709677419354839
-0.021594703463921006,-0.782608695652174
-0.15660845432075843,0.18487394957983194
0.07623321741700084,-0.9411764705882353
-0.03313587827946818,0.8
-0.025618930877957302,0.6385135135135134
-0.026264090723137623,1.2549019607843137
0.026902693120028465,-0.8918918918918919
0.17771402472664488,-0.9487179487179487
0.0742702867958478,0.0
-0.0288888532867968,0.0
-0.05667929118345383,-0.6666666666666666
-0.07266941395469284,-0.33333333333333326
0.053537857939043976,-0.6829268292682926
-0.06134984490566908,0.357142857142857
0.026715256761605577,-0.5
-0.09338400959043003,4.833333333333334
-0.09556317126386693,4.666666666666667
-0.023529433873973105,-0.5999999999999999
0.05098037128416566,-0.8666666666666667
-0.06402796053142867,-0.5
-0.029177691154468333,0.0
-0.005865096898272193,0.0
-0.015896818099703003,0.0
0.08038806277964428,-0.4285714285714286
0.010671322517399773,-0.875
-0.0024037338202111957,-0.9
0.083524532098322,-0.5
-0.08072981274390023,7.0
-0.009115336096910953,-0.7142857142857143
-0.2658767282442398,3.244031830238727
0.5881632590780452,-0.9315068493150684
0.011556769262616617,-0.8971428571428571
-0.3908256999531854,4.172839506172839
-0.28081554621718763,2.4687500000000004
-0.10294121893267838,-0.07017543859649111
-0.17047618684314547,1.209677419354839
-0.14228622334762397,-0.02857142857142847
0.003624053266712446,-0.8571428571428571
0.060619083692199593,-0.4
0.003460161890514124,-0.10000000000000009
-0.007925103271187672,0.08695652173913038
0.021143946296648508,-0.75
0.011567396209515302,-0.75
-0.017993559140503268,0.24615384615384617
-0.03539301340525991,1.0
-0.028863869068987413,-0.25
-0.011370177244008017,-0.5
-0.018623486330293648,-0.6363636363636364
0.04281885198230517,-0.5
0.10330485557058533,-0.8333333333333333
-0.0005229262071138052,-0.75
-0.04175494006820568,-0.4347826086956522
-0.021830223363129675,1.6875
0.050170761453152135,-0.9970149253731343
-0.33698033410904404,5.030985915492958
0.2646286701258407,-0.9817518248175182
-0.17832781971799783,1.8392857142857144
0.13510945334563518,-0.9965986394557823
-0.062499965612703656,0.6666666666666665
-0.04094092709229746,-0.2142857142857142
0.015782307600840983,-0.7888888888888889
0.013434504463033292,-0.7012578616352201
0.033130466209959186,-0.8285714285714285
0.042725693751016536,-0.8191489361702128
-0.02668825049275725,-0.6261682242990654
0.03762986220254505,0.010101010101010166
0.029757094152871977,-0.9
0.010772891197944556,-0.018867924528301883
-0.004299344934179938,1.1336898395721926
-0.008532289313727959,-0.5
0.04323314413953128,-0.5
-0.07073658099032121,1.169421487603306
0.03348507829677372,-0.9767932489451476
-0.008554334509178196,-0.34100418410041844
0.046784684887956285,-0.9661016949152542
-0.13163164489514467,1.6178010471204192
-0.012703508538669972,-0.896414342629482
-0.08730474475322603,1.1702127659574466
0.04880562780570363,-0.9597315436241611
-0.005882737980992481,-0.7637795275590551
0.12715810089217539,-0.9885339885339886
0.11295871980644234,-0.9991673605328892
-0.026693982742099776,-0.7058823529411764
-0.02988466097903164,-0.7916666666666666
-0.026685818078737822,-0.7222222222222222
0.03654962311683918,-0.8333333333333333
-0.10538310009532637,1.0222222222222221
-0.0019548251693787266,-0.5742574257425743
-0.0710515655553734,-0.6923076923076923
-0.10151990583922199,2.1999999999999997
-0.08596492597870131,1.3333333333333335
-0.08853582854646946,-0.6666666666666666
-0.06280191048146422,0.0
0.10854091681245182,-0.8529411764705882
-0.03732222701947041,-0.5625
-0.042264731625475505,-0.6000000000000001
-0.08850564424549212,-0.14438502673796794
0.016757407082429232,-0.8575342465753425
0.0163235062820819,-0.5157894736842106
-0.07060856871858456,0.7375
-0.021522271274274307,-0.11016949152542377
-0.009459746861082197,-0.16666666666666663
0.039815319997285936,-0.6428571428571428
0.21248222628547464,-0.9523809523809523
0.06720322135444468,-0.7619047619047619
0.04473818143532293,0.7999999999999998
0.003890985759264831,1.0
0.03406983812294673,-0.17647058823529405
0.0003100771964807958,-0.6
0.06056790482386276,-0.7037037037037037
0.022048088618474404,0.0
0.006256086020544505,-0.5
0.044217716890484704,0.0
-0.3867488198096237,9.4
0.12874245832474496,-0.5
-0.0539869440191898,-0.6744186046511628
0.08986163873031305,-0.9333333333333333
-0.04203644001216267,-0.07142857142857151
0.02805336643351941,-0.75
-0.035819605438163205,-0.6666666666666666
-0.014382764415351024,0.0
0.21479146609305144,-0.8571428571428572
0.17715959760807864,-0.25
0.06388889587955737,-0.5
0.06283419638946297,0.0
-0.05635351362871599,-0.5
-0.06735204189169586,0.0
-0.04459471745088084,0.05555555555555558
0.019934252365933824,-0.33333333333333326
0.005390862379940131,-0.5
0.007651622711392081,-0.5
-0.29865980859648267,2.2142857142857144
0.0526357250455729,-0.696969696969697
-0.03093576536231657,-0.7910447761194029
0.029278045571433653,-0.8666666666666667
0.023615715927745695,-0.7804878048780488
-0.05045601660611121,1.0940170940170941
-0.0654828121642691,-0.4
0.020904592292791513,-0.6866840731070496
0.09685568326271876,0.1371237458193979
0.04413711852466795,-0.8333333333333334
0.10315261768449635,-0.8214285714285714
-0.0004224585043571816,-0.08000000000000007
0.004851328677250244,-0.75
0.03891783842415508,-0.35
-0.000361123551452458,-0.4117647058823529
-0.06203597488545731,-0.4285714285714286
0.027234420107685953,-0.6296296296296297
-0.008531712347421672,-0.8
0.0027227202598179012,-0.5454545454545454
0.08249891276057708,-0.967741935483871
-0.07559115907220004,-0.11827956989247324
0.051605232551651836,0.04857142857142849
0.04012305389327753,-0.10675381263616568
-0.014644827076265687,-0.5326315789473683
0.1402139005575329,-0.9743589743589743
0.24369622161609295,-0.9907407407407407
0.0009975579909933252,-0.9229374433363554
0.02103196868225532,-0.5176470588235293
-0.0899281239422437,0.0
-0.017736452184944018,-0.8
0.10361464095050721,-0.9964028776978417
-0.06804249715805744,1.1067961165048543
-0.08431497620839845,0.3947368421052633
-0.039792412663683385,-0.8316831683168316
0.08269337801006271,-0.987603305785124
-0.07757853724769215,2.061224489795918
-0.005308919871012563,0.3043478260869563
-0.42224791674660855,7.212742980561554
-0.20100123209686693,1.246774193548387
-0.2453067783362226,2.256880733944954
0.10509059659033881,-0.9696969696969697
0.12365713936941969,-0.9940476190476191
-0.2285360068075848,2.834355828220859
-0.0249657848136301,-0.7466216216216216
0.04907980908568188,-0.8444444444444444
0.004129409017172403,-0.75
-0.2107796112124506,0.5873015873015872
-0.0074446321769685575,-0.2304147465437788
-0.0560288715361037,-0.875
-0.039628334432704304,-0.36363636363636365
0.0909822952898165,-0.8571428571428572
0.0614422815514839,-0.5
-0.0365808896708929,-0.2857142857142857
0.049401824829354624,-0.5238095238095237
-0.014140172821180297,-0.6666666666666666
0.013514948145576744,-0.9743589743589743
-0.032903419454909044,0.75
0.015251724206575279,-0.6481481481481481
-0.012845782718995946,-0.9333333333333333
0.16469521904571827,-0.8529411764705882
-0.08183305876826641,-0.8
0.04147580508387838,-0.9
-0.028378130479070007,-0.3472222222222222
0.019652440972740992,-0.4054054054054054
-0.01610083551534125,-0.5
0.03136399445831728,-0.33333333333333326
0.014006983527062644,-0.25
-0.0038256502625989564,-0.5
-0.01247922201336249,-0.782608695652174
-0.016441986343985415,-0.7692307692307693
0.03887937871938729,-0.6343283582089553
-0.023925618168424423,-0.5238095238095238
0.057711452888257186,-0.9615384615384616
0.0046416605107639786,0.9088235294117648
-0.033596853402445226,-0.06666666666666654
0.08171207922250678,-0.75
0.03180911346685722,-0.9230769230769231
-0.023531421138919595,-0.5833333333333333
-0.00595563470836058,-0.7586206896551724
0.001971137993961758,-0.8
0.06389552107519414,2.2857142857142856
-0.015251880203413726,-0.6875
-0.07531122532264845,0.575
0.0010902909885948109,-0.7448979591836735
-0.08769179096883584,-0.3389830508474577
0.003302183990709695,0.4199475065616798
0.004154489973529074,-0.696969696969697
0.08724083859775345,-0.9422382671480144
-0.028142694036540572,-0.5714285714285715
-0.06343953994109341,0.0
0.028117260563911062,-0.4
-0.006424047818794798,4.0
0.026465516319543303,3.7142857142857144
0.06180354095956431,-0.04761904761904756
0.0028672257826136693,-0.6031746031746033
0.05684907012558793,-0.6
-0.024004477884065567,-0.6153846153846154
0.017851250609124625,-0.8
0.018586356984221064,-0.5925925925925926
-0.016373551992974633,0.0
0.020896899100569133,-0.8
-0.06426293958410845,0.0
0.02676759429362008,-0.5
-0.03173318430029182,-0.19999999999999996
-0.03300972424951176,1.2727272727272725
-0.08935458537961416,2.2380952380952386
-0.012884029987150325,-0.4444444444444444
0.01615571870417387,0.0
0.01078272756867138,-0.5
-0.12415232901680184,-0.33333333333333326
-0.04237986996616394,-0.25
-0.2835298868819729,3.461538461538461
0.016159119106037956,-0.84375
-0.05742760359015342,1.4042553191489362
-0.00883794844945085,0.6734693877551017
-0.048899772226379534,-0.12
0.09982594279864232,-0.375
0.007801526626820321,-0.6101694915254237
-0.06260181037490853,0.4057507987220448
0.0614727981665526,-0.868421052631579
0.02227523724164837,-0.8637992831541219
-0.06986422921762558,-0.5181159420289854
-0.12808133362508412,3.182389937106918
0.12179056935701471,-0.9963503649635036
-0.048642678771038894,-0.49070631970260215
-0.026461990880595976,-0.645
-0.08975509059842068,0.43055555555555536
-0.07891243941670045,-0.9407894736842105
-0.14776168040822268,2.7037037037037033
-0.1502964021285106,2.9
0.22319296520141685,-0.9166666666666666
0.09659377789327661,-0.6666666666666666
0.013409964252437456,-0.32835820895522394
0.007217887926745714,-0.7826086956521738
-0.02561301590107623,-0.8
0.07202965273435846,24.0
0.027821913836509005,1.1891891891891895
0.025694026045613327,-0.9642857142857143
-0.014351882106535485,-0.6402877697841727
0.010874000021444896,-0.8076923076923077
-0.030048049211166106,-0.7333333333333334
0.014359131712607276,-0.75
-0.025000077100764573,0.25
0.016026199564553645,-0.10526315789473684
0.023086559819677666,-0.5
0.021619988544965496,-0.049180327868852514
-0.006027605041479478,-0.42105263157894735
-0.04226463194488017,4.833333333333333
-0.09563068301786082,0.0
0.07100271822968907,-0.6666666666666666
-0.05248676421954268,0.25531914893617014
0.04726148430116761,-0.95
-0.04482798852975589,-0.4512195121951219
0.00031668666238893195,-0.5833333333333333
0.02140546770012186,-0.3382352941176471
-0.1047297627466679,-0.2857142857142857
-0.02217606664802052,-0.33333333333333326
-0.08309854699656727,-0.5
-0.013358780825686645,-0.3414634146341463
-0.04845361173038809,0.0
-0.17847220575735845,0.0
0.04738807858936522,-0.4244031830238727
